classId,x,y,z,yaw,minX,maxX,minZ,maxZ,maxY
3887,-20.609,220.024,-547.690,-1.57080,-0.583,0.583,-0.583,0.583,1.838
3887,-19.781,220.049,-555.026,-1.57080,-0.583,0.583,-0.583,0.583,1.838
3780,322.194,236.062,369.394,-2.85883,-1.800,1.814,-1.822,1.680,1.811
3780,321.008,235.753,371.387,1.28237,-1.800,1.814,-1.822,1.680,1.811
3628,321.421,235.224,372.229,-0.50265,-0.422,0.322,-0.174,0.287,0.482
3780,344.807,235.657,413.581,0.90131,-1.800,1.814,-1.822,1.680,1.811
3780,345.741,236.014,412.967,1.52635,-1.800,1.814,-1.822,1.680,1.811
3780,290.394,227.625,425.740,-0.20420,-1.800,1.814,-1.822,1.680,1.811
3643,272.882,265.822,425.368,-1.12233,-0.924,0.786,-0.654,1.114,0.602
3716,274.440,266.853,428.032,-2.34689,-1.087,1.077,-0.781,1.116,0.923
3642,327.388,269.243,424.098,-2.92648,-0.862,0.962,-0.544,0.927,0.481
3642,333.377,276.301,428.225,-2.92188,-0.862,0.962,-0.544,0.927,0.481
3716,332.824,277.671,431.766,-0.26834,-1.087,1.077,-0.781,1.115,0.923
3642,331.187,276.070,460.000,-1.30547,-0.862,0.962,-0.544,0.927,0.481
3643,331.713,275.990,463.000,0.01550,-0.923,0.786,-0.654,1.114,0.602
3780,342.003,277.789,448.051,-2.27477,-1.800,1.814,-1.822,1.680,1.811
3780,286.844,279.629,451.828,-2.99892,-1.800,1.814,-1.822,1.680,1.811
3780,288.095,230.590,453.082,-1.70430,-1.800,1.814,-1.822,1.680,1.811
3780,285.811,279.345,450.828,3.03285,-1.800,1.814,-1.822,1.680,1.811
3716,307.271,273.496,486.043,1.80642,-1.087,1.077,-0.781,1.116,0.923
3642,310.934,273.767,483.276,-1.96350,-0.862,0.962,-0.544,0.927,0.481
3643,314.123,274.354,476.891,-0.92643,-0.924,0.786,-0.654,1.114,0.602
3643,313.194,273.696,478.631,2.79899,-0.923,0.786,-0.654,1.114,0.602
3642,336.950,240.137,375.418,-1.71223,-0.862,0.962,-0.544,0.927,0.481
3640,335.917,239.085,376.031,-1.42569,-0.669,0.994,-0.159,1.625,0.518
3716,334.548,237.165,377.948,-0.23574,-1.087,1.077,-0.781,1.116,0.923
3716,335.883,237.319,377.996,-2.02697,-1.087,1.077,-0.780,1.116,0.923
3642,332.674,235.274,377.835,0.44206,-0.862,0.962,-0.544,0.927,0.481
3643,301.135,228.025,421.942,-1.86874,-0.924,0.786,-0.654,1.114,0.602
3716,301.239,228.147,422.460,-2.85935,-1.087,1.077,-0.780,1.116,0.923
3642,301.862,228.454,424.647,0.14139,-0.862,0.962,-0.544,0.927,0.481
3716,302.701,227.495,423.404,2.24271,-1.087,1.077,-0.781,1.116,0.923
3643,300.775,229.472,431.073,2.89461,-0.923,0.786,-0.654,1.114,0.602
3716,300.588,229.283,431.145,0.70675,-1.087,1.077,-0.781,1.115,0.923
3642,280.216,238.882,394.330,-0.53780,-0.862,0.962,-0.544,0.927,0.481
3716,282.700,238.749,392.876,-0.00007,-1.087,1.077,-0.781,1.116,0.923
3642,310.135,227.186,377.159,-1.50775,-0.862,0.962,-0.544,0.927,0.481
3643,310.479,227.423,375.955,-2.21731,-0.923,0.786,-0.654,1.114,0.602
3642,345.777,279.857,457.236,-2.02241,-0.862,0.962,-0.544,0.927,0.481
3716,360.953,287.912,460.913,-1.17822,-1.087,1.077,-0.781,1.116,0.923
3716,330.616,227.161,438.213,0.17279,-1.087,1.077,-0.781,1.115,0.923
3642,329.123,227.451,436.214,-1.35101,-0.862,0.962,-0.544,0.927,0.481
3642,325.503,227.455,439.839,-0.84823,-0.862,0.962,-0.544,0.927,0.481
3642,325.079,228.264,448.342,-0.52407,-0.862,0.962,-0.544,0.927,0.481
3716,325.471,228.274,450.470,-0.89956,-1.087,1.077,-0.781,1.116,0.923
4444,325.748,228.171,455.307,-2.57956,-1.821,1.350,-1.708,1.528,1.755
3716,324.147,227.387,457.631,0.65530,-1.087,1.077,-0.781,1.116,0.923
4444,299.633,227.847,425.527,-1.13541,-1.821,1.350,-1.708,1.528,1.755
4444,322.946,227.466,460.722,2.94577,-1.821,1.351,-1.708,1.528,1.755
3780,325.627,228.436,447.329,1.68166,-1.800,1.814,-1.822,1.680,1.811
3780,324.647,227.998,446.421,-2.43702,-1.800,1.814,-1.822,1.680,1.811
3780,324.480,228.137,445.069,2.67628,-1.800,1.814,-1.822,1.680,1.811
3780,324.588,227.268,437.126,-2.02178,-1.800,1.814,-1.822,1.680,1.811
3716,325.347,227.947,454.380,-0.63565,-1.087,1.077,-0.781,1.116,0.923
3643,323.695,227.623,459.550,-2.09594,-0.924,0.786,-0.654,1.114,0.602
3716,310.562,227.658,466.622,0.62435,-1.087,1.077,-0.781,1.115,0.923
3716,313.315,227.811,466.666,2.87257,-1.087,1.077,-0.780,1.116,0.923
3643,320.986,228.078,469.035,-0.23250,-0.924,0.786,-0.654,1.114,0.602
3643,301.165,227.941,464.990,2.02554,-0.923,0.786,-0.654,1.114,0.602
3716,315.528,227.321,466.308,-2.87470,-1.087,1.077,-0.780,1.116,0.923
3642,307.180,227.597,465.664,-0.47979,-0.862,0.962,-0.544,0.927,0.481
3716,308.813,227.551,466.645,-1.01963,-1.087,1.077,-0.780,1.116,0.923
3716,319.351,227.934,470.279,-0.72460,-1.087,1.077,-0.781,1.116,0.923
3642,302.358,227.417,463.594,2.51326,-0.862,0.962,-0.544,0.927,0.481
4444,304.707,227.571,464.257,-2.06565,-1.821,1.350,-1.708,1.528,1.755
3642,334.137,279.007,444.360,-2.44303,-0.862,0.962,-0.544,0.927,0.481
3643,335.328,279.499,442.916,-0.37699,-0.924,0.786,-0.654,1.114,0.602
3642,340.526,278.543,448.564,0.00001,-0.862,0.962,-0.544,0.927,0.481
3643,344.092,279.851,458.497,0.08395,-0.924,0.786,-0.654,1.114,0.602
3716,356.536,287.408,460.755,-1.63379,-1.087,1.077,-0.780,1.116,0.923
3643,339.972,278.338,447.007,-0.22642,-0.924,0.786,-0.654,1.114,0.602
3716,339.750,278.178,448.219,1.09768,-1.087,1.077,-0.781,1.115,0.923
3716,332.757,276.981,429.697,0.52594,-1.087,1.077,-0.781,1.115,0.923
3643,331.984,277.818,433.067,0.00000,-0.924,0.786,-0.654,1.114,0.602
3716,330.927,277.858,434.209,0.03143,-1.087,1.077,-0.781,1.115,0.923
3642,271.456,276.098,438.845,-2.87509,-0.862,0.962,-0.544,0.927,0.481
3716,272.343,276.228,440.249,1.22522,-1.087,1.077,-0.781,1.115,0.923
3643,272.477,275.775,454.566,-0.26533,-0.924,0.786,-0.654,1.114,0.602
3643,270.505,276.273,453.882,0.00000,-0.924,0.786,-0.654,1.114,0.602
3642,265.736,275.452,456.336,-0.38060,-0.862,0.962,-0.544,0.927,0.481
3716,267.164,274.686,461.459,0.00000,-1.087,1.077,-0.781,1.116,0.923
3643,272.348,275.519,461.200,1.17871,-0.923,0.786,-0.654,1.114,0.602
3716,261.367,267.656,443.432,0.31043,-1.087,1.077,-0.781,1.115,0.923
3716,260.437,269.130,444.993,1.44027,-1.087,1.077,-0.781,1.116,0.923
3643,259.423,271.912,454.015,0.14454,-0.924,0.786,-0.654,1.114,0.602
3716,259.777,271.141,451.771,-0.32956,-1.087,1.077,-0.781,1.115,0.923
3643,273.593,277.299,478.668,0.00000,-0.924,0.786,-0.654,1.114,0.602
3716,274.460,277.325,478.683,0.09424,-1.087,1.077,-0.781,1.115,0.923
3643,272.615,276.970,474.529,-0.99539,-0.924,0.786,-0.654,1.114,0.602
3642,283.006,278.241,488.448,-2.21616,-0.862,0.962,-0.544,0.927,0.481
3716,283.838,277.718,487.486,3.04071,-1.087,1.077,-0.780,1.116,0.923
3780,253.595,269.330,438.710,-0.57336,-1.800,1.814,-1.822,1.680,1.811
3780,252.465,269.423,437.577,0.03147,-1.800,1.814,-1.822,1.680,1.811
3780,251.529,269.299,437.629,0.19070,-1.800,1.814,-1.822,1.680,1.811
3642,329.436,285.155,525.087,1.37592,-0.862,0.962,-0.544,0.927,0.481
3716,331.767,286.476,527.643,0.65974,-1.087,1.077,-0.781,1.115,0.923
3642,331.939,286.556,528.796,-1.75415,-0.862,0.962,-0.544,0.927,0.481
3643,291.626,281.920,507.681,1.87790,-0.923,0.786,-0.654,1.114,0.602
3780,292.035,281.623,505.508,-0.15707,-1.800,1.814,-1.822,1.680,1.811
3780,291.937,281.694,504.625,-1.66981,-1.800,1.814,-1.822,1.680,1.811
3716,291.006,281.385,503.776,0.00000,-1.087,1.077,-0.781,1.115,0.923
3642,289.462,281.642,504.759,-2.48737,-0.862,0.962,-0.544,0.927,0.481
3716,288.370,281.807,505.613,-1.00531,-1.087,1.077,-0.780,1.116,0.923
3642,288.129,281.626,504.519,0.00000,-0.862,0.962,-0.544,0.927,0.481
3642,289.711,282.219,508.556,-0.29848,-0.862,0.962,-0.544,0.927,0.481
3643,288.954,276.991,493.299,0.97389,-0.923,0.786,-0.654,1.114,0.602
3716,275.926,278.661,485.477,-1.80642,-1.087,1.077,-0.780,1.116,0.923
3642,276.071,278.860,487.400,0.03141,-0.862,0.962,-0.544,0.927,0.481
3643,292.318,284.501,524.530,0.00000,-0.924,0.786,-0.654,1.114,0.602
3716,293.669,284.426,524.338,0.29314,-1.087,1.077,-0.781,1.115,0.923
3716,293.781,284.555,525.288,-1.23810,-1.087,1.077,-0.780,1.116,0.923
3643,294.360,285.074,544.834,1.99490,-0.923,0.786,-0.654,1.114,0.602
3642,308.062,280.640,513.968,0.00000,-0.862,0.962,-0.544,0.927,0.481
3716,294.617,284.371,522.104,-1.30377,-1.087,1.077,-0.781,1.116,0.923
3716,307.793,284.256,546.051,0.00000,-1.087,1.077,-0.781,1.115,0.923
3643,303.622,285.271,548.258,0.00000,-0.924,0.786,-0.654,1.114,0.602
3640,301.385,285.348,548.974,1.62820,-0.669,0.994,-0.159,1.625,0.518
3643,308.820,280.032,502.315,-0.72254,-0.924,0.786,-0.654,1.114,0.602
3716,294.192,230.195,452.253,0.48313,-1.087,1.077,-0.781,1.116,0.923
4444,293.893,230.556,443.911,2.28301,-1.821,1.350,-1.708,1.528,1.755
3716,293.268,231.053,450.030,-1.93200,-1.087,1.077,-0.780,1.116,0.923
3642,299.451,276.535,481.039,0.04718,-0.862,0.962,-0.544,0.927,0.481
3642,338.369,228.676,350.786,-0.90059,-0.862,0.962,-0.544,0.927,0.481
3716,368.482,228.268,345.267,0.40588,-1.087,1.077,-0.781,1.116,0.923
3643,379.406,227.477,331.457,-2.00680,-0.923,0.786,-0.654,1.114,0.602
3716,374.976,227.133,334.068,-2.29077,-1.087,1.077,-0.780,1.116,0.923
3642,419.824,228.665,301.253,0.23769,-0.862,0.962,-0.544,0.927,0.481
3716,422.456,229.004,300.139,0.34353,-1.087,1.077,-0.781,1.115,0.923
3642,424.572,229.445,301.018,0.42239,-0.862,0.962,-0.544,0.927,0.481
3643,437.812,230.309,343.213,-0.03741,-0.923,0.786,-0.654,1.114,0.602
3716,432.545,229.440,340.717,-0.62510,-1.087,1.077,-0.781,1.116,0.923
3629,406.343,230.915,322.474,0.22418,-0.719,0.687,-0.666,0.513,0.796
3629,406.731,230.915,322.085,-0.32563,-0.719,0.687,-0.666,0.513,0.796
3629,406.200,230.727,322.064,-2.57337,-0.719,0.687,-0.666,0.513,0.796
3629,405.761,230.673,322.299,0.09629,-0.719,0.687,-0.666,0.513,0.796
3629,407.607,231.111,322.398,1.18455,-0.719,0.687,-0.666,0.513,0.796
3631,402.755,233.689,372.521,3.11382,-0.145,0.275,-0.245,0.212,0.331
3631,401.993,233.688,372.377,-1.01196,-0.145,0.275,-0.245,0.212,0.331
3642,413.215,236.047,375.075,2.57810,-0.862,0.962,-0.544,0.927,0.481
3780,351.000,228.426,352.000,0.14935,-1.800,1.814,-1.822,1.680,1.811
3780,348.530,228.681,353.604,2.45678,-1.800,1.814,-1.822,1.680,1.811
3780,347.677,228.571,353.604,1.08780,-1.800,1.814,-1.822,1.680,1.811
3780,368.566,228.472,357.813,-0.00057,-1.800,1.814,-1.822,1.680,1.811
3780,365.478,228.450,357.813,1.33896,-1.800,1.814,-1.822,1.680,1.811
3642,470.524,235.001,294.325,-1.97472,-0.862,0.962,-0.544,0.927,0.481
3642,468.178,234.504,294.550,-1.62684,-0.862,0.962,-0.544,0.927,0.481
4434,-466.614,215.766,-408.756,-1.68224,-0.535,0.753,-0.637,0.663,1.102
4435,-467.387,215.530,-408.637,-0.28466,-0.615,0.704,-0.653,0.647,0.704
4435,-466.513,215.665,-408.227,-2.05775,-0.615,0.704,-0.653,0.647,0.703
4435,-467.052,215.338,-407.329,-2.15909,-0.615,0.704,-0.653,0.647,0.703
4435,-468.037,215.293,-408.076,2.94033,-0.615,0.704,-0.653,0.647,0.704
4434,-466.781,215.529,-407.431,-1.69952,-0.535,0.753,-0.637,0.663,1.102
4434,-454.509,217.345,-400.034,0.35023,-0.535,0.753,-0.637,0.664,1.102
4435,-454.679,217.354,-400.746,-0.09197,-0.615,0.704,-0.653,0.647,0.703
4434,-454.090,217.478,-400.078,-0.07762,-0.535,0.753,-0.637,0.664,1.102
4435,-454.029,217.397,-400.585,-0.33351,-0.615,0.704,-0.653,0.647,0.703
4434,-453.625,214.995,-406.345,0.21780,-0.535,0.753,-0.637,0.664,1.102
4434,-455.412,216.477,-394.209,-1.59715,-0.535,0.753,-0.637,0.663,1.102
4435,-455.679,216.051,-394.542,-1.96116,-0.615,0.704,-0.653,0.647,0.703
4434,-455.261,216.042,-394.709,-2.99652,-0.535,0.753,-0.637,0.663,1.103
4434,-454.305,215.815,-389.613,-0.84492,-0.535,0.753,-0.637,0.663,1.102
4435,-454.819,215.544,-389.408,-1.07532,-0.615,0.704,-0.653,0.647,0.704
4435,-454.526,216.592,-395.087,-0.31430,-0.615,0.704,-0.653,0.647,0.704
4435,-455.253,216.333,-390.473,-1.68425,-0.615,0.704,-0.653,0.647,0.703
4435,-454.767,216.762,-394.449,0.99322,-0.615,0.704,-0.653,0.647,0.703
4435,-455.749,215.505,-389.910,0.22829,-0.615,0.704,-0.653,0.647,0.704
4435,-454.756,216.320,-390.117,-0.39816,-0.615,0.704,-0.653,0.647,0.704
4434,-463.055,207.611,-371.343,1.62576,-0.535,0.753,-0.637,0.664,1.102
4435,-463.287,207.392,-372.249,0.37558,-0.615,0.704,-0.653,0.647,0.704
4435,-465.118,206.971,-371.902,0.12756,-0.615,0.704,-0.653,0.647,0.704
4435,-462.823,207.724,-372.650,-1.21434,-0.615,0.704,-0.653,0.647,0.703
4435,-466.402,206.739,-371.841,0.00000,-0.615,0.704,-0.653,0.647,0.704
4434,-514.301,195.035,-415.590,-1.91740,-0.535,0.753,-0.637,0.663,1.102
4434,-514.404,195.578,-417.317,-1.37251,-0.535,0.753,-0.637,0.663,1.103
4434,-513.028,195.634,-416.469,1.01126,-0.535,0.753,-0.637,0.663,1.102
4435,-514.585,195.492,-416.314,-0.95128,-0.615,0.704,-0.653,0.647,0.703
4435,-515.556,195.302,-415.784,-2.08962,-0.615,0.704,-0.653,0.647,0.704
4435,-516.263,195.030,-415.139,-1.28668,-0.615,0.704,-0.653,0.647,0.704
4434,-516.265,195.365,-415.599,0.25321,-0.535,0.753,-0.637,0.663,1.102
4434,-515.582,195.929,-416.431,-1.48173,-0.535,0.753,-0.637,0.663,1.102
4434,-543.786,193.946,-433.734,0.14723,-0.535,0.753,-0.637,0.664,1.102
4435,-543.392,193.379,-431.669,0.12778,-0.615,0.704,-0.653,0.647,0.704
4434,-543.766,193.981,-432.442,1.72512,-0.535,0.753,-0.637,0.664,1.103
4435,-545.703,194.688,-431.943,-0.15162,-0.615,0.704,-0.653,0.647,0.704
4434,-546.514,194.744,-432.515,1.49775,-0.535,0.753,-0.637,0.664,1.103
4434,-482.632,200.251,-417.137,-1.43090,-0.535,0.753,-0.637,0.663,1.103
4434,-481.511,200.471,-415.996,2.91942,-0.535,0.752,-0.637,0.663,1.102
4434,-481.238,200.482,-416.885,-1.69269,-0.535,0.753,-0.637,0.663,1.102
4435,-480.224,200.675,-415.691,-0.55664,-0.615,0.704,-0.653,0.647,0.704
4434,-605.255,191.026,-448.375,-0.05950,-0.535,0.753,-0.637,0.664,1.102
4434,-601.770,191.623,-447.593,-0.45922,-0.535,0.753,-0.637,0.663,1.102
4435,-602.029,191.501,-446.379,2.19632,-0.615,0.704,-0.653,0.647,0.704
4435,-602.731,191.289,-447.325,-2.16523,-0.615,0.704,-0.653,0.647,0.704
4434,-605.989,191.780,-446.842,-0.44922,-0.535,0.753,-0.637,0.663,1.103
4435,-605.162,191.220,-446.571,0.37704,-0.615,0.704,-0.653,0.647,0.704
4435,-604.448,191.270,-447.582,0.23498,-0.615,0.704,-0.653,0.647,0.704
4434,-602.885,191.705,-448.317,-0.39818,-0.535,0.753,-0.637,0.664,1.102
4435,-603.781,191.540,-448.525,-0.15490,-0.615,0.704,-0.653,0.647,0.703
4434,-603.852,190.873,-446.632,-0.69559,-0.535,0.753,-0.637,0.663,1.102
4434,-603.622,191.186,-447.665,-2.54611,-0.535,0.753,-0.637,0.663,1.103
3640,-488.709,219.190,-397.266,3.11085,-0.669,0.994,-0.159,1.625,0.518
3640,-491.256,215.029,-398.898,-2.94665,-0.669,0.994,-0.159,1.625,0.518
3716,-494.071,211.205,-413.119,0.29623,-1.087,1.077,-0.780,1.116,0.923
3642,-490.856,213.692,-410.438,0.42504,-0.862,0.962,-0.544,0.927,0.481
3716,-490.444,213.917,-411.160,0.90683,-1.087,1.077,-0.780,1.116,0.923
3642,-489.484,213.725,-409.531,-0.19078,-0.862,0.962,-0.544,0.927,0.481
3716,-492.010,213.001,-409.823,-1.72272,-1.087,1.077,-0.780,1.116,0.923
3642,-491.097,213.598,-409.559,-1.83843,-0.862,0.962,-0.544,0.926,0.481
3716,-494.529,210.523,-411.257,-0.16011,-1.087,1.077,-0.780,1.116,0.923
3716,-487.844,221.571,-412.590,-0.32277,-1.087,1.077,-0.780,1.116,0.923
3640,-488.368,221.346,-413.566,-1.34822,-0.669,0.994,-0.159,1.625,0.518
3642,-614.831,186.807,-477.590,-0.06211,-0.862,0.962,-0.544,0.927,0.481
3716,-614.736,186.743,-476.279,-2.08529,-1.087,1.077,-0.781,1.115,0.923
3642,-615.211,187.202,-474.347,0.28625,-0.862,0.962,-0.544,0.927,0.481
3716,-621.027,186.898,-493.079,0.08892,-1.087,1.077,-0.780,1.116,0.923
3642,-622.039,186.339,-492.695,0.07845,-0.862,0.962,-0.544,0.927,0.481
3642,-486.890,219.186,-398.997,0.11656,-0.862,0.962,-0.544,0.927,0.481
3642,-488.209,219.275,-398.399,0.24885,-0.862,0.962,-0.544,0.927,0.481
3716,-487.371,217.082,-411.176,2.35844,-1.087,1.077,-0.781,1.116,0.923
4444,-489.509,213.919,-400.356,-1.06502,-1.821,1.350,-1.708,1.528,1.755
4444,-494.221,214.528,-396.857,-1.73478,-1.821,1.350,-1.708,1.528,1.755
3640,-468.901,197.788,-483.153,3.07665,-0.669,0.994,-0.159,1.625,0.518
3716,-461.976,193.473,-482.492,-1.79778,-1.087,1.077,-0.781,1.116,0.923
3642,-487.446,204.293,-491.165,0.46720,-0.862,0.962,-0.544,0.927,0.481
3642,-486.291,203.956,-490.198,0.00000,-0.862,0.962,-0.544,0.927,0.481
3643,-485.130,203.970,-491.750,0.29174,-0.923,0.786,-0.654,1.114,0.602
3642,-451.876,194.408,-493.933,-0.03573,-0.862,0.962,-0.544,0.927,0.481
3716,-449.748,194.490,-494.445,0.00000,-1.087,1.077,-0.780,1.116,0.923
3642,-458.975,195.955,-494.299,0.33728,-0.862,0.962,-0.544,0.927,0.481
3642,-542.784,178.632,-169.030,1.26688,-0.862,0.962,-0.544,0.927,0.481
3642,-546.177,178.510,-174.298,-0.15649,-0.862,0.962,-0.544,0.927,0.481
3716,-541.231,178.632,-167.097,0.77514,-1.087,1.077,-0.780,1.116,0.923
3642,-543.793,178.614,-170.740,0.28891,-0.862,0.962,-0.544,0.927,0.481
3716,-548.232,177.658,-183.690,0.00000,-1.087,1.077,-0.780,1.116,0.923
3643,-547.957,177.737,-182.352,-2.22204,-0.924,0.786,-0.654,1.114,0.602
3716,-549.107,177.411,-184.760,0.00000,-1.087,1.077,-0.780,1.116,0.923
3642,-550.734,177.078,-186.367,-0.04605,-0.862,0.962,-0.544,0.927,0.481
3642,-553.556,177.393,-186.199,-1.29854,-0.862,0.962,-0.544,0.927,0.481
3642,-552.019,177.051,-186.165,-2.23872,-0.862,0.962,-0.544,0.927,0.481
3643,-685.896,170.298,-281.152,-0.30850,-0.923,0.786,-0.654,1.114,0.602
3716,-685.279,170.665,-279.551,-0.20084,-1.087,1.077,-0.781,1.116,0.923
3642,-686.555,170.253,-283.190,-1.00415,-0.862,0.962,-0.544,0.927,0.481
3643,-696.139,169.933,-285.074,1.34964,-0.924,0.786,-0.654,1.114,0.602
3643,-696.991,170.208,-285.106,-0.38582,-0.923,0.786,-0.654,1.114,0.602
3643,-694.124,169.965,-290.480,0.70937,-0.923,0.786,-0.654,1.114,0.602
3643,-692.297,169.965,-289.336,1.14624,-0.923,0.786,-0.654,1.114,0.602
3716,428.336,229.143,340.681,0.25655,-1.087,1.077,-0.781,1.115,0.923
3643,429.859,228.898,338.692,2.07527,-0.923,0.786,-0.654,1.114,0.602
3642,429.052,229.263,339.335,-0.15158,-0.862,0.962,-0.544,0.927,0.481
3716,427.968,229.120,339.096,0.96003,-1.087,1.077,-0.781,1.115,0.923
3642,430.844,229.603,342.159,0.07293,-0.862,0.962,-0.544,0.927,0.481
3716,426.730,229.131,338.045,2.06832,-1.087,1.077,-0.781,1.115,0.923
3643,-265.307,175.315,-451.408,0.08070,-0.923,0.786,-0.654,1.114,0.602
3642,-282.692,178.992,-428.213,0.25614,-0.862,0.962,-0.544,0.927,0.481
3716,-283.398,178.166,-426.736,0.44282,-1.087,1.077,-0.780,1.116,0.923
3642,-292.241,174.896,-404.798,0.01543,-0.862,0.962,-0.544,0.927,0.481
4444,-625.130,191.933,-455.222,-0.09863,-1.821,1.350,-1.708,1.528,1.755
3633,27.910,203.943,-476.753,1.25237,-0.586,0.394,-0.582,0.466,0.708
3780,-13.386,193.649,-396.746,-2.91072,-1.800,1.814,-1.822,1.680,1.811
3642,-128.042,186.229,-355.482,1.56529,-0.862,0.962,-0.544,0.927,0.481
3643,-123.527,186.787,-355.482,-0.36712,-0.923,0.786,-0.654,1.114,0.602
3716,-127.156,186.357,-356.863,0.00000,-1.087,1.077,-0.780,1.116,0.923
3716,-146.180,181.372,-358.554,0.00000,-1.087,1.077,-0.780,1.116,0.923
3642,-144.307,182.030,-359.604,0.00774,-0.862,0.962,-0.544,0.927,0.481
3642,-143.596,181.601,-358.319,-0.26057,-0.862,0.962,-0.544,0.927,0.481
3643,-132.941,180.725,-339.752,2.99721,-0.923,0.786,-0.654,1.114,0.602
3716,-170.873,184.860,-333.184,0.00221,-1.087,1.077,-0.780,1.116,0.923
3716,-169.731,183.712,-333.010,-1.59738,-1.087,1.077,-0.781,1.116,0.923
3642,-152.432,176.195,-324.263,1.55260,-0.862,0.962,-0.544,0.927,0.481
3642,-152.635,176.077,-322.609,2.88648,-0.862,0.962,-0.544,0.927,0.481
4238,-18.385,185.010,-414.946,-0.72060,-0.446,0.329,-0.290,0.411,1.599
4238,-19.103,184.712,-416.658,-2.30774,-0.446,0.329,-0.290,0.411,1.599
4238,-18.450,184.851,-416.034,3.00770,-0.446,0.329,-0.290,0.411,1.599
3780,13.956,198.266,-331.151,0.00000,-1.800,1.814,-1.822,1.680,1.811
3633,23.379,203.596,-499.721,0.00000,-0.586,0.394,-0.582,0.466,0.708
3633,22.987,203.666,-500.701,-0.52999,-0.586,0.394,-0.582,0.466,0.708
4444,52.016,195.574,-539.456,2.39076,-1.821,1.350,-1.708,1.528,1.755
4444,54.891,194.505,-540.220,-2.52833,-1.821,1.350,-1.708,1.528,1.755
3643,79.644,185.442,-488.119,0.00174,-0.923,0.786,-0.654,1.114,0.602
3716,83.693,186.135,-483.102,0.11357,-1.087,1.077,-0.780,1.116,0.923
3642,82.547,185.840,-485.197,0.16524,-0.862,0.962,-0.544,0.927,0.481
3643,214.904,155.252,-481.856,0.05821,-0.924,0.786,-0.654,1.114,0.602
3716,209.998,152.317,-481.004,-0.17399,-1.087,1.077,-0.780,1.116,0.923
3716,208.128,151.686,-480.697,1.42253,-1.087,1.077,-0.781,1.116,0.923
3643,214.585,153.755,-486.740,0.58359,-0.924,0.786,-0.654,1.114,0.602
3643,96.265,162.477,-503.442,0.28786,-0.923,0.786,-0.654,1.114,0.602
3643,102.279,164.725,-499.866,-0.72275,-0.923,0.786,-0.654,1.114,0.602
3716,100.642,163.305,-502.178,0.22466,-1.087,1.077,-0.781,1.116,0.923
3716,101.732,163.676,-502.379,-1.57939,-1.087,1.077,-0.781,1.116,0.923
4238,189.933,147.317,-490.109,0.00000,-0.446,0.329,-0.290,0.411,1.599
4238,191.217,147.154,-491.538,-1.07632,-0.446,0.329,-0.290,0.411,1.599
4238,189.005,147.424,-490.940,-0.45524,-0.446,0.329,-0.290,0.411,1.599
4238,188.451,147.694,-489.970,-0.45524,-0.446,0.329,-0.290,0.411,1.599
4238,188.134,147.734,-490.256,-1.83796,-0.446,0.329,-0.290,0.411,1.599
3642,195.360,148.459,-486.445,-1.11565,-0.862,0.962,-0.544,0.927,0.481
3642,174.235,146.489,-509.099,-0.00776,-0.862,0.962,-0.544,0.927,0.481
3642,175.181,146.080,-510.235,1.37879,-0.862,0.962,-0.544,0.927,0.481
3716,176.020,146.558,-509.087,-2.03838,-1.087,1.077,-0.780,1.116,0.923
4238,174.511,146.578,-509.602,0.00000,-0.446,0.329,-0.290,0.411,1.599
4238,173.149,145.612,-511.389,-1.59551,-0.446,0.329,-0.290,0.411,1.599
4238,173.628,146.069,-510.293,0.77949,-0.446,0.329,-0.290,0.411,1.599
3643,168.583,162.598,-614.358,0.00000,-0.924,0.786,-0.654,1.114,0.602
3642,170.538,163.145,-615.623,1.16008,-0.862,0.962,-0.544,0.927,0.481
3631,-501.068,212.540,-418.955,-0.01409,-0.145,0.275,-0.245,0.212,0.331
3631,-501.784,212.829,-418.232,1.14552,-0.145,0.275,-0.245,0.212,0.331
3631,-501.364,212.598,-418.240,1.38030,-0.145,0.275,-0.245,0.212,0.331
3642,-501.769,213.123,-419.608,1.24939,-0.862,0.962,-0.544,0.927,0.481
3716,-500.820,212.215,-420.245,-0.62030,-1.087,1.078,-0.781,1.116,0.923
3642,-500.539,211.841,-421.464,0.43904,-0.862,0.962,-0.544,0.927,0.481
3643,-498.439,210.607,-423.010,0.00973,-0.923,0.786,-0.654,1.114,0.602
3716,-498.726,210.856,-422.361,-0.10917,-1.087,1.077,-0.780,1.116,0.923
3642,-499.939,211.199,-423.579,0.15329,-0.862,0.962,-0.544,0.927,0.481
3643,-499.898,211.242,-422.565,-0.22960,-0.923,0.786,-0.654,1.114,0.602
3643,-488.885,205.973,-468.751,0.00000,-0.923,0.786,-0.654,1.114,0.602
3643,-488.679,205.974,-470.727,2.55757,-0.924,0.786,-0.654,1.114,0.602
3716,-489.307,206.006,-471.896,0.00000,-1.087,1.077,-0.780,1.116,0.923
6188,-754.248,175.061,-283.408,0.74435,-1.658,1.658,-0.746,0.668,0.959
6219,-475.556,193.407,481.274,-0.72555,-0.862,0.457,-0.306,0.962,1.051
6132,783.093,301.622,462.824,0.00000,-2.608,2.608,-0.000,1.166,6.399
6132,776.164,301.622,450.824,-2.09439,-2.608,2.608,0.000,1.167,6.399
6132,817.734,301.622,458.822,1.04720,-2.608,2.608,-0.000,1.166,6.399
6132,863.160,301.221,496.381,2.09440,-2.608,2.608,-0.000,1.166,6.399
6132,849.364,301.245,496.304,-2.09439,-2.608,2.608,0.000,1.167,6.399
6132,-607.178,272.980,762.981,-2.09439,-2.608,2.608,-0.000,1.166,6.399
6132,-653.443,274.000,718.590,-2.67035,-2.608,2.608,0.000,1.167,6.399
6132,-664.321,270.980,697.240,-2.67035,-2.608,2.608,0.000,1.167,6.399
6132,-607.178,272.980,786.981,-1.04720,-2.608,2.608,-0.000,1.166,6.399
6132,-593.321,272.980,786.981,1.04720,-2.608,2.608,-0.000,1.166,6.399
6132,-697.857,277.000,794.978,3.14159,-2.608,2.608,0.000,1.167,6.399
6132,-684.000,277.000,818.978,0.00000,-2.608,2.608,-0.000,1.166,6.399
6132,-711.732,282.000,851.011,-2.09439,-2.608,2.607,-0.000,1.166,6.399
6132,-697.876,282.000,851.011,2.09439,-2.608,2.608,0.000,1.167,6.399
6132,-646.180,274.000,732.846,0.47124,-2.608,2.608,-0.000,1.166,6.399
6132,-657.058,270.980,711.496,0.47124,-2.607,2.608,-0.000,1.166,6.399
6183,-548.867,278.925,882.933,-1.53005,-0.555,0.390,-0.412,0.432,1.433
6190,-549.839,279.963,881.485,-0.09216,-0.169,0.169,-0.193,0.160,0.532
6184,-542.112,278.787,887.052,1.04610,-1.769,1.769,-0.093,0.000,2.805
6188,-547.638,278.908,891.390,0.47802,-1.657,1.658,-0.746,0.668,0.959
6187,-548.387,278.913,890.955,-1.80912,-0.254,0.260,0.171,1.249,1.021
3628,617.000,283.394,665.000,0.00000,-0.422,0.322,-0.174,0.287,0.482
3629,-773.000,286.000,724.000,0.00000,-0.719,0.687,-0.666,0.513,0.796
6217,-634.733,277.980,807.677,0.00000,-0.300,0.300,-0.331,0.329,0.301
6222,-634.388,277.980,807.017,0.00000,-0.216,0.217,-0.206,0.206,0.720
6215,-634.535,277.980,808.353,0.00000,-0.200,0.200,-0.190,0.190,0.364
6214,-607.126,272.419,684.605,-1.26621,-0.433,0.433,-0.422,0.422,1.013
6214,-608.070,272.419,687.436,-1.97693,-0.433,0.433,-0.422,0.422,1.013
6214,-620.483,281.000,751.081,0.00000,-0.433,0.433,-0.422,0.422,1.013
6219,-619.173,281.043,750.706,0.00000,-0.862,0.457,-0.306,0.962,1.051
3709,622.271,284.048,714.628,0.00000,-0.913,0.373,-0.575,0.937,1.194
6219,-639.072,277.980,800.197,1.57079,-0.862,0.457,-0.306,0.962,1.051
6214,-621.758,278.000,798.688,1.65694,-0.433,0.433,-0.422,0.422,1.013
6214,-622.014,278.000,800.959,1.43758,-0.433,0.433,-0.422,0.422,1.013
6214,-624.368,278.000,794.293,2.49149,-0.433,0.433,-0.421,0.422,1.013
6214,-626.577,278.000,793.118,2.71963,-0.433,0.433,-0.421,0.422,1.013
6191,-550.872,279.963,883.655,0.04074,-0.300,0.081,-0.131,0.131,1.150
6176,-672.000,202.000,45.000,0.00000,-0.403,0.496,-0.469,0.572,0.817
6174,-675.000,203.000,57.000,0.00000,-0.745,0.485,-0.781,0.709,0.997
6173,-664.000,203.000,49.000,0.00000,-0.843,0.786,-0.804,0.930,1.320
3710,-590.000,191.000,113.000,0.00000,-0.651,0.703,-0.538,0.540,0.634
6214,756.000,304.000,527.000,2.35619,-0.433,0.433,-0.422,0.422,1.013
6215,800.778,301.321,508.150,-2.35619,-0.200,0.200,-0.190,0.190,0.364
6222,800.297,301.321,508.797,0.00000,-0.217,0.217,-0.206,0.206,0.720
6214,793.873,301.321,508.069,-0.78540,-0.433,0.433,-0.422,0.422,1.013
6221,794.613,301.321,508.679,0.00000,-0.197,0.197,-0.187,0.187,0.604
6221,824.356,301.391,507.635,-1.57080,-0.197,0.197,-0.187,0.187,0.604
6215,824.422,301.391,506.817,2.35619,-0.200,0.200,-0.190,0.190,0.364
6222,824.025,301.391,506.083,2.35619,-0.217,0.217,-0.206,0.206,0.720
6219,791.583,287.328,577.730,0.00000,-0.862,0.457,-0.306,0.962,1.051
6217,790.616,287.280,577.593,0.00000,-0.300,0.300,-0.331,0.329,0.301
3903,135.352,238.821,487.449,1.57080,-1.051,1.051,-1.500,1.500,1.765
3903,134.853,237.324,489.504,1.57080,-1.051,1.051,-1.500,1.500,1.765
3903,135.361,237.341,492.341,-2.35619,-1.051,1.051,-1.500,1.500,1.765
6184,-760.302,171.009,-277.329,-1.69547,-1.769,1.769,-0.093,-0.000,2.805
6183,-753.682,172.712,-267.299,0.00000,-0.555,0.391,-0.412,0.432,1.433
6183,-751.796,171.028,-274.441,-0.99084,-0.555,0.391,-0.412,0.432,1.433
6190,-750.660,172.073,-277.181,-2.03990,-0.169,0.169,-0.193,0.160,0.532
6190,-752.735,172.073,-277.714,1.57080,-0.169,0.169,-0.193,0.160,0.532
6191,-752.221,172.073,-275.372,2.35619,-0.300,0.081,-0.131,0.131,1.150
6188,-748.595,175.061,-279.379,-1.69119,-1.657,1.658,-0.746,0.668,0.959
6334,496.240,238.339,217.710,0.00000,-0.259,0.259,-0.134,0.134,0.358
7082,497.057,238.339,217.445,0.16599,-0.414,0.411,-0.378,0.385,0.521
7082,495.425,238.339,213.390,2.73928,-0.414,0.411,-0.378,0.385,0.521
7082,495.421,238.861,213.370,2.73928,-0.414,0.411,-0.378,0.385,0.521
6188,497.099,238.313,207.743,-2.14338,-1.658,1.657,-0.746,0.668,0.959
6334,496.553,239.272,208.568,-0.45204,-0.259,0.259,-0.134,0.134,0.358
6334,497.664,239.272,206.621,-3.08718,-0.259,0.259,-0.134,0.134,0.358
6188,513.933,238.828,206.450,2.23565,-1.657,1.658,-0.746,0.668,0.959
7082,514.066,239.787,206.827,1.57080,-0.414,0.411,-0.378,0.385,0.521
6187,514.092,238.828,206.874,-0.78055,-0.254,0.260,0.170,1.248,1.021
6187,512.856,238.828,205.562,-0.38657,-0.254,0.260,0.170,1.248,1.021
3903,101.214,233.644,558.576,1.57080,-1.051,1.051,-1.500,1.500,1.765
3903,103.143,232.479,558.212,-2.35619,-1.051,1.051,-1.500,1.500,1.765
3903,180.577,238.167,409.489,2.91630,-1.051,1.051,-1.500,1.500,1.765
6334,536.616,289.202,517.226,0.00000,-0.259,0.259,-0.134,0.134,0.358
6334,538.167,289.087,516.326,-0.78543,-0.259,0.259,-0.134,0.134,0.358
6334,536.972,288.988,516.504,0.29231,-0.259,0.259,-0.134,0.134,0.358
7082,533.719,289.132,519.891,0.26166,-0.414,0.411,-0.378,0.385,0.521
7082,533.747,289.638,520.037,0.16225,-0.414,0.411,-0.378,0.385,0.521
7082,536.249,289.124,518.549,0.94504,-0.414,0.411,-0.378,0.385,0.521
6219,-630.261,269.570,684.585,0.00000,-0.862,0.457,-0.306,0.962,1.051
6222,-636.980,269.570,683.447,0.00000,-0.216,0.217,-0.206,0.206,0.720
6217,-636.866,269.570,684.159,0.00000,-0.300,0.300,-0.331,0.329,0.301
6217,-637.459,269.570,684.645,0.00000,-0.300,0.300,-0.331,0.329,0.301
6222,-637.497,269.570,683.582,0.00000,-0.216,0.217,-0.206,0.206,0.720
6221,-631.253,269.570,684.076,0.00000,-0.197,0.197,-0.187,0.187,0.604
6215,-630.952,269.570,684.547,0.00000,-0.200,0.200,-0.190,0.190,0.364
6220,-634.994,270.422,697.228,0.32558,-0.099,0.087,-0.500,0.503,0.170
7703,773.792,289.638,180.980,0.25090,-2.150,2.143,-0.773,0.841,1.261
7703,769.999,289.638,182.218,0.44239,-2.150,2.143,-0.773,0.841,1.261
7703,790.969,289.763,178.985,-0.13022,-2.150,2.143,-0.773,0.841,1.261
7703,795.591,289.861,184.018,-1.35072,-2.150,2.143,-0.773,0.841,1.261
7702,775.105,291.047,185.500,1.57080,-0.635,0.635,-0.419,0.419,0.246
6188,-124.896,220.024,-555.536,-0.78540,-1.657,1.658,-0.746,0.668,0.959
6187,-124.465,220.024,-556.272,1.62045,-0.254,0.260,0.170,1.248,1.021
6187,-126.277,220.049,-557.109,-2.48422,-0.254,0.260,0.170,1.248,1.021
6187,-126.148,220.024,-555.726,-1.14166,-0.254,0.260,0.171,1.249,1.021
4444,852.161,291.640,349.297,-2.00079,-1.821,1.350,-1.708,1.528,1.755
4444,854.712,291.298,351.360,-2.78619,-1.821,1.351,-1.708,1.528,1.755
3629,850.081,285.852,328.196,0.00000,-0.719,0.687,-0.666,0.513,0.796
3629,850.172,286.040,328.808,-1.57080,-0.719,0.687,-0.666,0.513,0.796
8083,-85.954,221.270,-537.758,1.57079,-0.287,0.287,-0.389,0.389,0.703
8083,-85.966,221.270,-539.576,1.57079,-0.287,0.287,-0.389,0.389,0.703
8083,-85.960,221.270,-541.496,1.57079,-0.287,0.287,-0.389,0.389,0.703
8083,-85.981,221.270,-543.226,1.57079,-0.287,0.287,-0.389,0.389,0.703
8077,-94.604,221.270,-543.216,-1.57080,-0.610,0.610,-0.408,0.396,1.166
8020,-94.942,221.270,-541.324,-1.57080,-0.646,0.645,-0.341,0.345,1.791
6334,-99.225,221.270,-528.152,-1.57080,-0.259,0.259,-0.134,0.134,0.358
6334,-86.251,221.270,-531.899,0.00000,-0.259,0.259,-0.134,0.134,0.358
6334,-85.990,221.607,-521.935,0.78539,-0.259,0.259,-0.134,0.134,0.358
8063,-94.900,221.270,-542.601,0.00000,-0.193,0.193,-0.151,0.213,0.357
8065,-98.384,221.270,-534.416,-1.09647,-0.260,0.260,-0.367,0.367,0.975
8069,-136.059,220.269,-461.256,-0.39874,-1.046,1.046,-0.708,0.708,1.253
8070,-92.000,226.281,-532.657,0.00000,-0.710,0.711,-0.710,0.711,1.435
8070,-92.000,226.281,-524.540,0.00000,-0.710,0.711,-0.710,0.711,1.435
9304,-95.990,221.270,-536.547,3.14159,-0.143,0.143,-0.169,0.197,1.641
9320,-98.025,221.270,-535.435,0.00000,-1.223,1.225,-0.534,0.534,0.498
9320,-97.890,221.270,-529.943,0.02883,-1.223,1.225,-0.534,0.534,0.498
9320,-98.130,221.270,-524.585,0.01367,-1.223,1.225,-0.534,0.534,0.498
9320,-98.114,221.270,-527.003,0.00600,-1.223,1.225,-0.534,0.534,0.498
9320,-85.871,221.270,-522.006,0.00162,-1.223,1.225,-0.534,0.534,0.498
9320,-85.906,221.270,-524.222,0.01586,-1.223,1.225,-0.534,0.534,0.498
9320,-85.883,221.270,-527.213,0.02663,-1.223,1.225,-0.534,0.534,0.498
9320,-85.939,221.270,-529.838,0.00592,-1.223,1.225,-0.534,0.534,0.498
9320,-85.874,221.270,-533.037,0.01279,-1.223,1.225,-0.534,0.534,0.498
9320,-86.062,221.270,-535.425,0.01566,-1.223,1.225,-0.534,0.534,0.498
9319,-86.132,221.270,-530.841,0.00000,-0.266,0.266,-0.315,0.315,0.513
9319,-94.588,221.270,-536.807,-0.78540,-0.266,0.266,-0.315,0.315,0.513
9323,-132.495,220.750,-485.239,3.14159,-0.606,0.610,-0.525,0.521,0.957
8072,-137.481,220.269,-468.250,0.32084,-0.395,0.395,-0.665,0.665,1.863
9327,-129.239,220.750,-485.414,0.09024,-1.566,1.585,-0.441,0.443,0.208
9327,-129.239,220.853,-485.414,0.09024,-1.566,1.585,-0.441,0.443,0.208
9327,-129.239,220.983,-485.414,0.09024,-1.566,1.585,-0.441,0.443,0.208
9327,-129.239,221.111,-485.414,0.09024,-1.566,1.585,-0.441,0.443,0.208
8009,-121.206,220.750,-465.138,1.57079,-1.512,0.493,-0.393,0.384,1.895
9328,-95.881,221.801,-541.463,1.57080,-0.588,0.587,-0.142,0.142,1.115
9328,-95.881,221.801,-543.079,1.57080,-0.588,0.587,-0.142,0.142,1.115
9316,-94.958,222.767,-541.491,0.00000,-0.356,0.356,-0.385,0.385,0.325
9316,-94.796,221.447,-541.234,3.14159,-0.356,0.356,-0.385,0.385,0.325
9316,-97.338,221.610,-535.402,-1.57080,-0.356,0.356,-0.385,0.385,0.325
6334,-97.854,221.609,-524.555,0.78540,-0.259,0.259,-0.134,0.134,0.358
9320,-97.942,221.270,-532.697,-0.00841,-1.223,1.225,-0.534,0.534,0.498
9322,-99.766,221.270,-528.432,-1.57080,-0.609,0.609,-0.523,0.523,0.843
9321,-84.965,221.270,-531.821,0.00000,-0.611,0.611,-0.485,0.485,0.846
9321,-87.232,221.270,-525.539,3.14159,-0.611,0.611,-0.485,0.485,0.846
6334,-86.993,221.270,-530.849,2.35620,-0.259,0.259,-0.134,0.134,0.358
9316,-86.252,221.594,-533.026,3.14159,-0.356,0.356,-0.385,0.385,0.325
8014,-127.943,220.750,-465.085,-0.25631,-0.244,0.215,-0.540,0.276,1.679
8014,-132.240,220.750,-470.029,-2.62176,-0.244,0.215,-0.540,0.276,1.679
9328,-132.884,221.307,-483.964,-1.57080,-0.587,0.587,-0.142,0.142,1.115
8078,-87.950,221.270,-537.287,-1.57080,-0.350,0.350,-0.509,0.509,0.858
8064,-125.173,221.058,-483.991,-0.24637,-0.497,0.497,-0.472,0.472,0.789
8064,-124.983,221.058,-479.928,3.08179,-0.497,0.497,-0.472,0.472,0.789
6226,-133.031,220.750,-481.813,-1.57080,-1.714,1.714,-1.725,-0.000,1.865
8013,-131.756,221.800,-480.449,-2.35619,-0.122,0.123,-0.182,0.159,0.402
8066,-117.618,220.750,-480.164,1.57080,-0.282,0.282,-0.374,0.374,0.966
8066,-117.679,220.750,-480.917,1.57080,-0.282,0.282,-0.374,0.374,0.966
8066,-117.708,220.750,-481.725,1.57080,-0.282,0.282,-0.374,0.374,0.966
8063,-132.533,220.750,-479.871,-1.57080,-0.193,0.193,-0.151,0.213,0.357
9316,-130.663,221.319,-465.192,0.00000,-0.356,0.356,-0.385,0.385,0.325
7083,-132.682,221.800,-480.871,0.00000,-0.155,0.174,-0.149,0.212,0.713
9316,-117.333,220.927,-468.117,-0.00000,-0.356,0.356,-0.385,0.385,0.325
8020,-117.349,220.750,-468.076,1.57079,-0.646,0.645,-0.341,0.345,1.791
9316,-117.301,222.247,-467.980,-3.14159,-0.356,0.356,-0.385,0.385,0.325
8071,-49.116,220.269,-460.016,-2.35619,-0.313,0.313,-0.833,0.833,1.163
9327,790.265,294.332,371.019,-1.57530,-1.566,1.585,-0.441,0.443,0.208
9327,790.265,294.435,371.019,-1.57530,-1.566,1.585,-0.441,0.443,0.208
9327,790.265,294.559,371.019,-1.57530,-1.566,1.585,-0.441,0.443,0.208
9323,790.240,294.332,368.684,-0.00000,-0.607,0.610,-0.525,0.521,0.957
6226,790.884,294.332,366.139,1.57079,-1.714,1.714,-1.725,-0.000,1.865
8013,789.634,295.382,364.889,1.57080,-0.122,0.123,-0.182,0.159,0.402
8063,789.571,294.332,368.121,2.33004,-0.193,0.193,-0.151,0.213,0.357
8020,783.565,294.332,359.514,-1.57080,-0.646,0.645,-0.341,0.345,1.791
9316,783.548,294.509,359.571,3.14159,-0.356,0.356,-0.385,0.385,0.325
9316,783.653,295.554,359.290,-0.00000,-0.356,0.356,-0.385,0.385,0.325
8014,783.626,294.332,361.292,-1.55669,-0.244,0.215,-0.540,0.276,1.679
8014,790.317,294.332,361.260,1.57417,-0.244,0.215,-0.540,0.276,1.679
8009,784.595,294.332,357.756,-0.00000,-1.512,0.493,-0.393,0.384,1.895
8072,777.649,294.505,366.472,-2.54727,-0.395,0.395,-0.665,0.665,1.863
6183,789.951,294.332,367.344,3.05096,-0.555,0.391,-0.412,0.432,1.433
8083,755.738,294.207,362.994,3.14159,-0.287,0.287,-0.389,0.389,0.703
8078,749.883,294.207,367.153,-0.00001,-0.350,0.350,-0.509,0.509,0.858
8083,753.920,294.207,363.007,3.14159,-0.287,0.287,-0.389,0.389,0.703
8083,752.000,294.207,363.000,3.14159,-0.287,0.287,-0.389,0.389,0.703
8083,750.270,294.207,363.021,3.14159,-0.287,0.287,-0.389,0.389,0.703
8063,749.874,294.207,365.338,-1.57080,-0.193,0.193,-0.151,0.213,0.357
9316,749.649,294.550,379.254,3.14159,-0.356,0.356,-0.385,0.385,0.325
9320,749.928,294.210,379.279,3.14159,-1.223,1.225,-0.534,0.534,0.498
9316,761.184,294.526,379.688,3.14159,-0.356,0.356,-0.385,0.385,0.325
9320,761.856,294.210,379.702,3.14159,-1.223,1.225,-0.534,0.534,0.498
6334,763.297,294.210,379.393,1.57079,-0.259,0.259,-0.134,0.134,0.358
9322,752.546,294.210,379.084,3.14159,-0.609,0.609,-0.523,0.523,0.843
9320,758.090,294.210,379.703,3.09087,-1.223,1.225,-0.534,0.534,0.498
9320,754.457,294.210,379.473,-3.05722,-1.223,1.225,-0.534,0.534,0.498
6334,763.271,294.210,385.893,0.78539,-0.259,0.259,-0.134,0.134,0.358
9321,756.403,294.210,385.779,-0.00001,-0.611,0.611,-0.485,0.485,0.846
9320,752.992,294.210,385.643,3.09087,-1.223,1.225,-0.534,0.534,0.498
6334,753.182,294.539,385.724,0.78540,-0.259,0.259,-0.134,0.134,0.358
6334,758.643,294.210,380.126,-1.57080,-0.259,0.259,-0.134,0.134,0.358
9316,755.268,294.534,385.591,-0.00001,-0.356,0.356,-0.385,0.385,0.325
9320,755.250,294.210,385.000,1.52007,-1.223,1.225,-0.534,0.534,0.498
8077,750.000,294.207,366.000,-1.57080,-0.610,0.610,-0.408,0.396,1.166
9321,-674.987,178.486,-341.928,1.57080,-0.611,0.611,-0.485,0.485,0.846
9321,-670.556,178.486,-341.963,-1.57080,-0.611,0.611,-0.485,0.485,0.846
9321,-674.829,178.486,-345.876,1.57080,-0.611,0.611,-0.485,0.485,0.846
9321,-670.713,178.486,-346.014,-1.57080,-0.611,0.611,-0.485,0.485,0.846
9321,-674.829,178.486,-349.876,1.57080,-0.611,0.611,-0.485,0.485,0.846
9321,-670.718,178.486,-349.951,-1.57080,-0.611,0.611,-0.485,0.485,0.846
9321,-670.718,178.486,-353.951,-1.57079,-0.611,0.611,-0.485,0.485,0.846
9321,-674.829,178.486,-353.876,1.57080,-0.611,0.611,-0.485,0.485,0.846
9323,-677.000,178.486,-339.000,0.00000,-0.606,0.610,-0.525,0.522,0.957
8021,-666.652,178.486,-345.513,2.00771,-0.161,0.161,-0.110,0.107,0.603
8021,-666.721,178.486,-342.353,1.35288,-0.161,0.161,-0.110,0.107,0.603
8012,-667.195,179.344,-344.301,1.57080,-0.334,0.339,-0.192,0.209,0.263
8078,-667.144,178.486,-344.310,0.00000,-0.350,0.350,-0.509,0.509,0.858
6188,-676.965,178.486,-336.459,-1.57080,-1.657,1.658,-0.746,0.668,0.959
9316,-676.738,179.445,-335.488,0.00000,-0.356,0.356,-0.385,0.385,0.325
9302,-698.000,170.133,-350.000,-1.57080,-1.332,1.090,-0.500,0.511,1.017
9302,-695.000,170.133,-350.000,-1.57080,-1.332,1.090,-0.500,0.511,1.017
9302,-692.000,170.133,-350.000,-1.57080,-1.332,1.090,-0.500,0.511,1.017
9302,-689.000,170.133,-350.000,-1.57080,-1.332,1.090,-0.500,0.511,1.017
9302,-697.000,170.133,-337.000,1.57080,-1.332,1.090,-0.499,0.511,1.017
9302,-694.000,170.133,-337.000,1.57080,-1.332,1.090,-0.499,0.511,1.017
9302,-691.000,170.133,-337.000,1.57080,-1.332,1.090,-0.499,0.511,1.017
8014,-689.786,170.133,-335.500,-0.36521,-0.244,0.215,-0.540,0.276,1.679
8020,-702.478,170.133,-339.947,2.07681,-0.646,0.645,-0.341,0.345,1.791
8014,-699.143,170.133,-351.330,2.77638,-0.244,0.215,-0.540,0.276,1.679
8014,-696.078,170.133,-351.389,2.77638,-0.244,0.214,-0.540,0.276,1.679
8014,-693.030,170.133,-351.184,2.77638,-0.244,0.215,-0.540,0.276,1.679
8014,-690.088,170.133,-351.469,2.77638,-0.244,0.215,-0.540,0.276,1.679
9323,-685.831,170.133,-346.783,0.00000,-0.606,0.610,-0.525,0.522,0.957
9323,-685.718,170.133,-345.368,0.00000,-0.606,0.610,-0.525,0.522,0.957
8009,-686.667,170.133,-337.560,3.14159,-1.512,0.493,-0.393,0.384,1.895
8077,-702.372,170.133,-349.932,-2.19597,-0.610,0.610,-0.408,0.396,1.166
9323,-703.182,170.133,-348.347,-2.35619,-0.606,0.610,-0.525,0.521,0.957
9327,-685.720,170.133,-349.107,-1.57080,-1.566,1.585,-0.441,0.443,0.208
8063,-701.999,170.133,-350.538,0.00000,-0.193,0.193,-0.151,0.213,0.357
6187,-697.776,170.133,-337.357,-1.57080,-0.254,0.260,0.170,1.248,1.021
6187,-689.653,170.133,-337.199,2.35619,-0.254,0.260,0.170,1.248,1.021
6187,-692.991,170.133,-337.034,2.35619,-0.254,0.260,0.170,1.248,1.021
6187,-690.139,170.133,-348.983,0.00000,-0.254,0.260,0.171,1.249,1.021
6187,-695.937,170.133,-350.766,-0.43060,-0.254,0.260,0.170,1.248,1.021
8009,-759.725,175.036,-275.460,0.00000,-1.512,0.493,-0.393,0.384,1.895
8007,-753.404,176.020,-284.310,3.14159,-0.135,0.132,-0.208,0.170,0.431
8011,-759.953,175.041,-274.034,-1.57080,-0.359,0.346,-0.223,0.187,1.484
9320,-758.261,175.030,-281.071,-2.35619,-1.223,1.225,-0.534,0.534,0.498
8006,-754.181,176.020,-283.823,-2.35619,-0.191,0.191,-0.277,0.172,0.378
8012,-754.564,176.020,-283.366,-2.35619,-0.334,0.339,-0.192,0.208,0.263
6188,-749.000,175.061,-276.000,-1.69119,-1.657,1.658,-0.746,0.668,0.959
6188,-749.703,175.061,-271.110,-1.69119,-1.657,1.658,-0.746,0.668,0.959
8015,-548.121,279.867,891.448,0.78540,-0.325,0.325,-0.406,0.406,0.519
9302,-543.899,282.935,886.322,2.35619,-1.332,1.090,-0.499,0.511,1.017
9302,-547.489,282.928,889.934,2.35619,-1.332,1.090,-0.499,0.511,1.017
9316,-541.141,284.080,884.082,0.00000,-0.356,0.356,-0.385,0.385,0.325
9319,-548.661,282.929,888.843,2.35619,-0.266,0.266,-0.315,0.315,0.513
9319,-545.119,282.929,885.119,2.35619,-0.266,0.266,-0.315,0.315,0.513
9321,-545.395,283.156,889.932,0.78540,-0.611,0.611,-0.485,0.485,0.846
9322,-543.517,282.929,888.909,0.78540,-0.609,0.609,-0.523,0.523,0.843
9324,-541.202,282.929,883.904,0.00000,-0.426,0.426,-0.758,0.758,1.722
8081,-551.995,282.934,891.598,0.00000,-0.969,0.969,-0.969,0.969,0.930
8066,-553.175,282.940,892.259,-0.78540,-0.282,0.282,-0.374,0.374,0.966
8066,-550.846,282.940,891.531,1.57080,-0.282,0.282,-0.374,0.374,0.966
9319,-551.231,282.929,880.101,-0.78540,-0.266,0.266,-0.315,0.315,0.513
9302,-549.591,282.947,880.182,-0.78540,-1.332,1.090,-0.500,0.511,1.017
9321,-548.931,283.156,878.063,-2.35620,-0.611,0.611,-0.485,0.485,0.846
9322,-553.135,282.929,882.138,-2.35619,-0.609,0.609,-0.523,0.523,0.843
9302,-553.621,282.935,884.048,-0.78540,-1.332,1.090,-0.500,0.511,1.017
9319,-552.360,282.929,885.193,-0.78540,-0.266,0.266,-0.315,0.315,0.513
9323,-556.000,282.943,886.000,0.00000,-0.606,0.610,-0.525,0.521,0.957
8014,-546.013,278.915,881.973,3.14159,-0.244,0.215,-0.540,0.276,1.679
9312,-609.282,281.323,858.308,0.16906,-1.347,1.347,-1.085,1.085,0.623
9313,-608.587,281.323,862.334,0.15446,-1.460,1.460,-0.766,0.766,0.710
8077,-604.164,281.322,874.415,0.17583,-0.610,0.610,-0.408,0.396,1.166
9328,-602.959,281.906,874.694,0.15386,-0.587,0.588,-0.142,0.142,1.115
8083,-605.600,281.322,874.663,0.17326,-0.287,0.288,-0.389,0.389,0.703
9313,-607.965,281.323,866.957,0.14183,-1.459,1.460,-0.766,0.766,0.710
9324,-607.848,281.322,871.850,-1.40093,-0.426,0.426,-0.758,0.758,1.722
9324,-609.355,281.322,872.125,-1.40093,-0.427,0.426,-0.758,0.758,1.722
9316,-607.988,282.466,872.003,0.00000,-0.356,0.356,-0.385,0.385,0.325
8063,-603.382,281.322,874.544,0.00000,-0.193,0.193,-0.151,0.213,0.357
9323,-601.256,281.322,873.747,0.00000,-0.606,0.610,-0.525,0.521,0.957
6186,-605.698,282.281,854.008,-2.89323,-0.245,0.245,-0.331,0.302,0.613
8078,-602.631,281.322,871.401,0.00000,-0.350,0.350,-0.509,0.509,0.858
9326,-606.957,281.322,871.252,0.00000,-0.221,0.222,-0.211,0.210,0.768
9325,-606.329,281.322,866.729,-1.33095,-0.410,0.410,-0.238,0.209,0.425
7136,-600.822,281.323,853.944,2.80885,-0.553,0.553,-0.287,0.292,1.090
9320,-600.511,281.323,858.780,1.78494,-1.223,1.225,-0.534,0.534,0.498
9320,-599.646,281.323,862.961,1.57766,-1.223,1.225,-0.534,0.534,0.498
9325,-599.669,281.665,862.942,-2.08132,-0.410,0.410,-0.237,0.209,0.425
8070,-604.782,279.630,864.634,0.00000,-0.710,0.711,-0.711,0.710,1.435
8070,-605.897,279.630,858.202,-1.57080,-0.711,0.710,-0.711,0.710,1.435
6188,-612.946,276.605,868.524,-0.78540,-1.658,1.657,-0.746,0.668,0.959
6188,-595.648,276.605,863.236,-1.38071,-1.658,1.658,-0.746,0.668,0.959
6187,-612.580,276.604,868.418,2.35619,-0.254,0.260,0.171,1.249,1.021
6187,-595.287,276.604,863.542,1.57079,-0.254,0.260,0.171,1.249,1.021
6187,-595.240,276.604,862.498,1.96851,-0.254,0.260,0.171,1.249,1.021
6187,-613.188,276.604,867.552,2.75391,-0.254,0.260,0.171,1.249,1.021
6187,-595.731,276.604,863.505,-1.17309,-0.254,0.260,0.170,1.248,1.021
6187,-595.839,276.604,862.407,-1.57080,-0.254,0.260,0.170,1.248,1.021
8071,-581.125,277.738,872.516,0.00000,-0.313,0.313,-0.833,0.833,1.163
8071,-572.600,277.738,879.571,-2.35620,-0.313,0.313,-0.833,0.833,1.163
6214,-633.872,269.570,684.333,2.84760,-0.433,0.433,-0.421,0.422,1.013
8078,-596.268,276.606,867.754,0.00000,-0.350,0.350,-0.509,0.509,0.858
8078,-597.782,276.606,868.690,-0.78540,-0.350,0.350,-0.509,0.509,0.858
6187,-610.935,276.604,888.048,1.31506,-0.254,0.260,0.171,1.249,1.021
6188,-610.909,276.605,887.196,1.50515,-1.657,1.658,-0.746,0.668,0.959
6187,-610.761,276.604,886.957,1.71277,-0.254,0.260,0.171,1.249,1.021
9317,876.717,294.221,403.652,0.78540,-0.266,0.266,-0.294,0.294,1.000
9321,871.397,294.221,405.813,-0.00000,-0.611,0.611,-0.485,0.485,0.846
9322,877.171,294.221,399.832,1.57080,-0.609,0.609,-0.523,0.523,0.843
6334,875.432,294.554,399.030,2.35620,-0.259,0.259,-0.134,0.134,0.358
6334,876.865,294.643,403.617,1.57080,-0.259,0.259,-0.134,0.134,0.358
9317,865.613,294.221,405.761,0.00000,-0.266,0.266,-0.294,0.294,1.000
9323,764.063,294.207,363.048,0.39270,-0.607,0.610,-0.525,0.521,0.957
9319,871.464,294.221,404.941,2.35620,-0.266,0.266,-0.315,0.315,0.513
9325,874.778,294.139,405.779,-2.35620,-0.410,0.410,-0.237,0.210,0.425
7136,509.466,238.685,205.157,-2.28699,-0.553,0.553,-0.287,0.292,1.090
4435,354.326,214.517,549.206,-0.78933,-0.615,0.704,-0.653,0.647,0.703
4435,354.317,214.684,548.614,-1.99286,-0.615,0.704,-0.653,0.647,0.704
4435,353.099,214.707,549.552,-1.46829,-0.615,0.704,-0.653,0.647,0.703
4434,352.373,214.956,549.201,0.09202,-0.535,0.753,-0.637,0.663,1.102
4434,353.339,214.485,548.570,-1.57080,-0.535,0.753,-0.637,0.664,1.102
4435,351.943,215.688,547.297,-1.72242,-0.615,0.704,-0.653,0.647,0.704
4434,352.515,215.744,546.486,-0.28861,-0.535,0.753,-0.637,0.663,1.102
4435,360.845,218.867,492.992,-0.78933,-0.615,0.704,-0.653,0.647,0.703
4435,362.877,219.262,493.612,-1.99286,-0.615,0.704,-0.653,0.647,0.704
4435,362.359,219.265,492.547,-3.03910,-0.615,0.704,-0.653,0.647,0.703
4434,361.444,218.884,493.101,0.09202,-0.535,0.753,-0.637,0.663,1.102
4434,361.228,218.887,492.156,-1.57080,-0.535,0.753,-0.637,0.664,1.102
4435,359.919,219.234,492.334,-1.82053,-0.615,0.704,-0.653,0.647,0.703
4434,363.406,219.304,492.223,-0.28861,-0.535,0.753,-0.637,0.663,1.103
4435,358.549,219.867,491.658,-1.51066,-0.615,0.704,-0.653,0.647,0.703
4434,326.891,211.898,542.722,-2.79924,-0.535,0.753,-0.637,0.664,1.102
4435,327.462,212.097,543.831,3.09739,-0.615,0.704,-0.653,0.647,0.704
4435,328.226,212.650,544.036,-2.61893,-0.615,0.704,-0.653,0.647,0.704
4434,327.753,211.937,544.811,2.69857,-0.535,0.753,-0.637,0.664,1.102
4435,326.486,211.977,543.505,2.68468,-0.615,0.704,-0.653,0.647,0.704
4434,326.539,211.975,542.051,-1.04343,-0.535,0.752,-0.637,0.664,1.103
4435,336.091,204.436,520.977,-0.85845,-0.615,0.704,-0.653,0.647,0.703
4435,335.393,203.952,520.791,-0.78274,-0.615,0.704,-0.653,0.647,0.704
4435,336.815,204.628,520.812,-1.22558,-0.615,0.704,-0.653,0.647,0.704
4434,336.871,204.310,520.123,-2.22155,-0.535,0.753,-0.637,0.664,1.102
4435,336.514,204.407,522.005,-0.09255,-0.615,0.704,-0.653,0.647,0.703
4435,336.239,204.332,521.654,-0.94948,-0.615,0.704,-0.653,0.647,0.703
4435,334.473,204.038,520.551,-1.34545,-0.615,0.704,-0.653,0.647,0.703
4435,336.469,203.970,523.412,-0.97694,-0.615,0.704,-0.653,0.647,0.704
4434,341.098,227.530,497.232,-1.30307,-0.535,0.753,-0.637,0.664,1.102
4434,340.000,228.000,498.000,2.02628,-0.535,0.753,-0.637,0.663,1.102
4435,340.045,227.956,494.108,0.10907,-0.615,0.704,-0.653,0.647,0.703
4435,376.272,212.793,511.502,-0.76189,-0.615,0.704,-0.653,0.647,0.704
4435,375.775,212.576,514.533,2.71954,-0.615,0.704,-0.653,0.647,0.704
4435,376.185,212.530,513.653,1.67329,-0.615,0.704,-0.653,0.647,0.704
4434,376.453,213.191,510.860,0.15536,-0.535,0.753,-0.637,0.663,1.102
4434,376.368,213.030,514.686,-1.85941,-0.535,0.753,-0.637,0.664,1.103
4434,377.259,213.481,510.665,-1.28079,-0.535,0.753,-0.637,0.664,1.103
4435,376.728,212.591,512.656,-1.99286,-0.615,0.704,-0.653,0.647,0.704
4434,375.053,212.857,515.538,-1.51993,-0.535,0.753,-0.637,0.664,1.103
4435,330.326,198.517,573.206,-0.78933,-0.615,0.704,-0.653,0.647,0.703
4435,333.992,198.737,579.948,-1.58486,-0.615,0.704,-0.653,0.647,0.704
4435,317.361,195.964,569.302,-0.78933,-0.615,0.704,-0.653,0.647,0.704
4435,318.362,195.923,568.864,-1.97590,-0.615,0.704,-0.653,0.647,0.703
4434,312.372,196.160,568.226,-1.57080,-0.535,0.753,-0.637,0.664,1.102
4435,312.979,196.141,568.968,-1.46829,-0.615,0.704,-0.653,0.647,0.703
4434,313.726,196.021,568.770,0.24196,-0.535,0.753,-0.637,0.663,1.102
4435,319.224,196.208,569.079,-2.40644,-0.615,0.704,-0.653,0.647,0.704
4434,319.960,196.225,568.760,-2.35619,-0.535,0.753,-0.637,0.664,1.102
4435,319.078,196.311,568.197,-0.78933,-0.615,0.704,-0.653,0.647,0.704
4434,311.344,196.667,568.881,-1.15406,-0.535,0.752,-0.637,0.663,1.102
4434,312.231,196.360,569.733,-2.26047,-0.535,0.753,-0.637,0.664,1.102
4434,336.130,197.646,552.953,-0.14360,-0.535,0.753,-0.637,0.663,1.102
4435,336.311,197.324,555.024,3.11324,-0.615,0.704,-0.653,0.647,0.703
4434,335.403,197.860,554.071,1.22444,-0.535,0.753,-0.637,0.663,1.102
4435,335.620,197.583,551.119,0.56667,-0.615,0.704,-0.653,0.647,0.703
4434,335.654,197.457,550.341,2.98982,-0.535,0.753,-0.637,0.664,1.102
4435,335.904,197.682,551.890,0.59091,-0.615,0.704,-0.653,0.647,0.703
4435,336.596,197.056,551.284,-1.35267,-0.615,0.704,-0.653,0.647,0.703
4434,343.176,197.249,569.103,2.97605,-0.535,0.753,-0.637,0.664,1.102
4435,343.106,197.590,568.233,0.37796,-0.615,0.704,-0.653,0.647,0.704
4434,341.890,197.523,572.096,-1.99412,-0.535,0.753,-0.637,0.664,1.102
4435,341.121,197.947,572.700,2.16172,-0.615,0.704,-0.653,0.647,0.704
4434,344.070,197.780,566.955,-0.15177,-0.535,0.752,-0.637,0.663,1.102
4435,341.251,198.204,573.389,1.82405,-0.615,0.704,-0.653,0.647,0.704
4435,337.130,198.501,567.103,1.57866,-0.615,0.704,-0.653,0.647,0.703
4435,376.797,212.978,511.660,-1.99286,-0.615,0.704,-0.653,0.647,0.704
4435,342.318,226.769,498.285,-2.08046,-0.615,0.704,-0.653,0.647,0.703
4435,341.128,227.412,494.704,0.69918,-0.615,0.704,-0.653,0.647,0.703
4434,361.003,196.764,588.341,1.85650,-0.535,0.753,-0.637,0.663,1.102
4435,362.191,196.523,588.863,-0.88287,-0.615,0.704,-0.653,0.647,0.703
4435,358.245,196.858,590.125,1.68794,-0.615,0.704,-0.653,0.647,0.704
4434,361.700,196.924,589.470,-2.97174,-0.535,0.753,-0.637,0.664,1.102
4435,358.898,196.616,589.532,1.11489,-0.615,0.704,-0.653,0.647,0.704
4435,359.811,198.185,589.966,0.73369,-0.615,0.704,-0.653,0.647,0.704
4434,359.396,197.157,589.645,2.31776,-0.535,0.753,-0.637,0.664,1.102
4435,362.000,196.573,588.000,-1.97478,-0.615,0.704,-0.653,0.647,0.704
4002,757.242,293.966,394.448,-0.00000,-0.268,0.268,-1.340,1.340,0.328
8068,753.056,293.966,400.404,1.57080,-0.194,0.194,-0.226,0.226,0.887
8068,758.355,293.966,393.899,1.37095,-0.194,0.194,-0.226,0.226,0.887
4002,757.212,293.986,399.245,-0.00000,-0.268,0.268,-1.340,1.340,0.328
4435,-771.109,226.233,60.042,-0.09453,-0.615,0.704,-0.653,0.647,0.704
4434,-769.477,226.092,60.771,0.02377,-0.535,0.753,-0.637,0.663,1.102
4435,-770.551,226.619,61.465,-1.98061,-0.615,0.704,-0.653,0.647,0.704
4435,-770.841,226.178,59.246,-3.09154,-0.615,0.704,-0.653,0.647,0.704
4435,-771.360,226.282,59.112,-2.66680,-0.615,0.704,-0.653,0.647,0.704
4435,-772.276,226.612,60.355,0.00000,-0.615,0.704,-0.653,0.647,0.704
4435,-768.685,225.696,60.415,3.07631,-0.615,0.704,-0.653,0.647,0.704
6174,-710.248,202.667,75.654,0.00000,-0.745,0.485,-0.781,0.709,0.997
3643,-660.443,187.844,96.596,-0.62554,-0.923,0.786,-0.654,1.114,0.602
3642,-660.516,187.853,95.154,0.15329,-0.862,0.962,-0.544,0.927,0.481
3642,-662.000,188.270,95.070,-1.13176,-0.862,0.962,-0.544,0.927,0.481
3643,-658.540,187.453,95.648,0.04070,-0.923,0.786,-0.654,1.114,0.602
3716,-657.881,187.258,96.722,-0.99410,-1.087,1.077,-0.781,1.115,0.923
3716,-658.787,186.568,103.602,0.05215,-1.087,1.078,-0.781,1.116,0.923
3642,-660.026,186.565,102.936,-0.52948,-0.862,0.962,-0.544,0.927,0.481
3642,-624.784,187.566,87.110,-0.21190,-0.862,0.962,-0.544,0.927,0.481
3642,-590.770,184.168,102.701,0.01849,-0.862,0.962,-0.544,0.927,0.481
3642,-593.554,184.008,101.341,-0.66367,-0.862,0.962,-0.544,0.927,0.481
3642,-585.428,183.876,100.601,-0.38121,-0.862,0.962,-0.544,0.927,0.481
3642,-618.983,183.583,89.715,-0.69782,-0.862,0.962,-0.544,0.927,0.481
3642,-616.857,183.322,88.305,-1.66110,-0.862,0.962,-0.544,0.927,0.481
4434,357.873,197.191,580.248,-2.04571,-0.535,0.753,-0.637,0.664,1.102
4435,356.740,196.782,580.161,3.08989,-0.615,0.704,-0.653,0.647,0.703
6334,406.442,234.839,115.994,-0.99179,-0.259,0.259,-0.134,0.134,0.358
8013,405.766,235.036,116.647,-2.35619,-0.122,0.123,-0.182,0.159,0.402
7546,-766.006,278.859,849.599,0.10258,-0.962,0.942,-0.497,0.846,1.553
4444,-771.658,278.981,844.457,0.00000,-1.821,1.351,-1.708,1.528,1.755
8072,192.000,171.000,-99.000,-0.78540,-0.395,0.395,-0.665,0.665,1.863
8072,186.894,171.000,-91.646,2.35620,-0.395,0.395,-0.665,0.665,1.863
8071,180.858,163.004,-75.194,0.00000,-0.313,0.313,-0.833,0.833,1.163
8071,193.000,167.000,-96.000,-1.57080,-0.313,0.313,-0.833,0.833,1.163
8071,194.000,171.000,-91.000,-2.41964,-0.313,0.313,-0.833,0.833,1.163
6222,-477.329,193.651,522.153,0.00000,-0.217,0.217,-0.206,0.206,0.720
6217,-477.880,193.651,522.661,0.00000,-0.300,0.300,-0.331,0.329,0.301
6219,-471.675,193.651,521.087,-2.69211,-0.862,0.457,-0.306,0.962,1.051
6221,-468.840,193.651,530.869,0.00000,-0.197,0.197,-0.187,0.187,0.604
6215,-468.268,193.651,530.334,0.00000,-0.200,0.200,-0.190,0.190,0.364
6215,-468.813,193.651,530.150,0.00000,-0.200,0.200,-0.190,0.190,0.364
6217,-477.841,193.649,521.893,0.00000,-0.300,0.300,-0.331,0.329,0.301
6214,-471.058,193.165,476.311,1.57080,-0.433,0.433,-0.422,0.422,1.013
6214,-474.633,193.162,470.980,3.14159,-0.433,0.433,-0.422,0.422,1.013
6220,-500.213,191.453,490.368,0.00000,-0.099,0.087,-0.500,0.503,0.170
6220,-498.760,191.453,490.012,-0.78540,-0.099,0.087,-0.500,0.503,0.170
6220,-499.219,191.453,489.481,-0.48486,-0.099,0.087,-0.500,0.503,0.170
9326,536.382,288.830,519.673,0.00000,-0.222,0.221,-0.211,0.210,0.768
9325,535.859,288.882,519.571,-1.57080,-0.410,0.410,-0.237,0.210,0.425
8081,243.387,164.000,-98.964,0.00000,-0.969,0.969,-0.969,0.969,0.930
8064,242.114,164.000,-98.318,-1.57080,-0.497,0.497,-0.472,0.472,0.789
8078,244.231,164.000,-94.910,0.00000,-0.350,0.350,-0.509,0.509,0.858
8007,244.199,164.293,-95.149,1.57080,-0.135,0.132,-0.208,0.170,0.431
8006,244.138,164.857,-95.148,1.57080,-0.191,0.191,-0.277,0.172,0.378
8011,244.366,164.000,-93.201,1.57080,-0.359,0.346,-0.223,0.188,1.484
7082,239.125,164.000,-87.988,-0.00000,-0.414,0.411,-0.378,0.385,0.521
7082,244.224,164.000,-92.200,1.57080,-0.414,0.411,-0.378,0.385,0.521
7082,244.260,164.000,-91.207,1.57080,-0.414,0.411,-0.378,0.385,0.521
8081,243.574,164.000,-89.044,-0.78540,-0.969,0.969,-0.969,0.969,0.930
8064,243.022,164.000,-89.686,-2.35619,-0.497,0.497,-0.472,0.472,0.789
8007,244.177,164.293,-94.684,1.30855,-0.135,0.132,-0.208,0.170,0.431
9302,159.018,163.075,-93.498,1.57080,-1.332,1.090,-0.500,0.511,1.017
9302,158.921,163.075,-89.014,1.57080,-1.332,1.090,-0.500,0.511,1.017
8065,158.746,163.075,-91.152,2.41239,-0.260,0.260,-0.367,0.367,0.975
8065,154.910,163.075,-83.538,2.00203,-0.260,0.260,-0.367,0.367,0.975
9302,153.246,163.075,-84.194,1.57080,-1.332,1.090,-0.500,0.511,1.017
9302,158.816,163.075,-83.772,1.57080,-1.332,1.090,-0.500,0.511,1.017
6226,152.054,163.075,-90.005,-1.57080,-1.714,1.714,-1.725,0.000,1.865
6183,152.780,163.075,-88.677,-0.87966,-0.555,0.390,-0.412,0.432,1.433
8013,153.176,164.125,-91.185,-2.35620,-0.122,0.123,-0.182,0.159,0.402
9327,152.828,163.075,-93.671,-1.57080,-1.566,1.585,-0.441,0.443,0.208
9327,152.828,163.232,-93.671,-1.57080,-1.566,1.585,-0.441,0.443,0.208
9327,152.828,163.421,-93.671,-1.57080,-1.566,1.585,-0.441,0.443,0.208
3642,81.950,218.858,572.067,-0.51185,-0.862,0.962,-0.544,0.927,0.481
3642,92.788,224.894,581.736,-0.17169,-0.862,0.962,-0.544,0.927,0.481
3640,92.372,224.399,580.448,-1.36039,-0.669,0.994,-0.159,1.625,0.518
3716,93.641,225.482,582.312,-1.57080,-1.087,1.077,-0.781,1.116,0.923
3716,82.218,219.329,572.905,-2.41655,-1.087,1.077,-0.780,1.116,0.923
3903,613.000,284.210,731.000,-1.96350,-1.051,1.051,-1.500,1.500,1.765
3643,763.473,287.389,577.685,0.57599,-0.923,0.786,-0.654,1.114,0.602
3643,766.502,287.660,573.377,-0.20941,-0.924,0.786,-0.654,1.114,0.602
7504,762.172,287.424,574.245,-2.35619,-0.639,0.724,-0.511,0.587,1.669
7504,763.964,288.172,571.227,2.35619,-0.639,0.724,-0.511,0.587,1.669
3643,762.803,287.281,127.911,0.81840,-0.924,0.786,-0.654,1.114,0.602
3643,763.651,284.327,134.909,0.48584,-0.924,0.786,-0.654,1.114,0.602
3640,763.431,286.349,130.943,0.00896,-0.669,0.994,-0.159,1.625,0.518
3643,750.394,296.401,112.488,1.20397,-0.923,0.786,-0.654,1.114,0.602
3643,813.167,274.145,136.755,-2.04942,-0.923,0.786,-0.654,1.114,0.602
3642,823.644,274.459,141.178,-1.60616,-0.862,0.962,-0.544,0.927,0.481
3716,808.937,273.001,139.124,-0.52447,-1.087,1.077,-0.780,1.116,0.923
3716,870.480,279.593,103.606,-0.84409,-1.087,1.077,-0.780,1.116,0.923
3632,872.190,279.881,103.204,-0.03122,-0.298,0.343,-0.318,0.331,0.405
3716,871.176,280.340,101.927,1.02456,-1.087,1.077,-0.781,1.115,0.923
3632,871.607,279.836,103.121,0.00000,-0.298,0.343,-0.318,0.331,0.405
3716,871.878,280.034,102.452,0.65409,-1.087,1.077,-0.781,1.115,0.923
3633,811.377,273.637,137.493,0.00000,-0.586,0.394,-0.582,0.466,0.708
3633,810.003,273.459,137.685,-0.74684,-0.586,0.394,-0.582,0.466,0.708
6191,406.089,234.603,114.120,-0.40145,-0.300,0.081,-0.131,0.131,1.150
8013,406.519,234.650,113.672,-3.14159,-0.122,0.123,-0.182,0.159,0.402
7083,405.968,234.304,111.862,-0.07095,-0.155,0.174,-0.149,0.212,0.713
8019,406.054,234.813,113.947,0.00000,-0.243,0.227,-0.329,0.284,0.175
9327,784.238,294.332,367.284,1.88636,-1.566,1.585,-0.441,0.443,0.208
10985,851.756,255.781,663.408,0.00000,-1.000,1.000,-1.000,1.000,1.000
7486,853.515,256.711,676.688,-2.39064,-0.297,0.418,-0.354,0.369,0.613
7487,853.192,256.529,675.540,-1.61272,-0.615,0.704,-0.653,0.647,0.704
7487,845.415,256.134,673.850,-1.16834,-0.615,0.704,-0.653,0.647,0.703
7487,853.200,256.163,674.434,-0.39382,-0.615,0.704,-0.653,0.647,0.704
10985,851.651,269.953,662.143,0.00000,-1.000,1.000,-1.000,1.000,1.000
7487,849.801,271.282,659.108,-0.08452,-0.615,0.704,-0.653,0.647,0.703
7487,852.058,272.299,657.311,-0.17166,-0.615,0.704,-0.653,0.647,0.703
7487,855.093,271.387,657.059,-1.36394,-0.615,0.704,-0.653,0.647,0.703
7486,851.018,271.984,657.031,0.10205,-0.297,0.418,-0.354,0.369,0.613
7487,850.013,271.852,657.520,-2.06491,-0.615,0.704,-0.653,0.647,0.703
3640,307.663,274.092,487.185,0.18810,-0.669,0.994,-0.159,1.625,0.518
6132,774.466,298.290,121.961,-1.91489,-2.608,2.608,0.000,1.167,6.399
6132,774.466,298.290,121.961,1.22670,-2.608,2.608,-0.000,1.166,6.399
6132,767.144,295.270,118.794,-1.99728,-2.608,2.608,0.000,1.167,6.399
6132,767.144,295.270,118.794,1.14431,-2.608,2.608,-0.000,1.166,6.399
6132,570.000,288.000,219.928,-0.52360,-2.608,2.608,-0.000,1.166,6.399
6132,570.000,288.000,219.928,2.61799,-2.608,2.608,-0.000,1.166,6.399
6132,870.053,304.241,492.400,-1.04720,-2.608,2.608,0.000,1.167,6.399
6132,870.053,304.241,492.400,2.09439,-2.608,2.608,-0.000,1.166,6.399
6132,824.662,301.622,454.823,3.14159,-2.608,2.608,0.000,1.167,6.399
6132,824.662,301.622,454.823,-0.00001,-2.608,2.608,-0.000,1.166,6.399
6132,-655.597,270.980,683.804,1.51843,-2.608,2.608,0.000,1.167,6.399
6132,-655.597,270.980,683.804,-1.62316,-2.608,2.608,-0.000,1.166,6.399
6132,-617.178,267.419,690.083,2.25942,-2.608,2.608,0.000,1.167,6.399
6132,-617.178,267.419,690.083,-0.88217,-2.608,2.608,-0.000,1.166,6.399
6132,-646.906,274.000,746.683,-0.57596,-2.608,2.608,-0.000,1.166,6.399
6132,-646.906,274.000,746.683,2.56563,-2.608,2.608,0.000,1.167,6.399
6132,-690.929,273.980,783.017,1.04720,-2.607,2.608,0.000,1.167,6.399
6132,-690.929,273.980,783.017,-2.09439,-2.608,2.608,-0.000,1.166,6.399
6132,-684.001,282.000,826.978,-3.14159,-2.608,2.608,0.000,1.167,6.399
6132,-684.001,282.000,826.978,0.00000,-2.608,2.608,-0.000,1.166,6.399
6132,-614.072,276.000,759.000,1.04720,-2.608,2.608,0.000,1.167,6.399
6132,-614.072,276.000,759.000,-2.09439,-2.608,2.607,-0.000,1.166,6.399
6132,-524.182,198.689,472.653,1.58061,-2.608,2.608,0.000,1.167,6.399
6132,-524.182,198.689,472.653,-1.56098,-2.608,2.608,-0.000,1.166,6.399
6215,813.106,302.086,506.279,-0.78540,-0.200,0.200,-0.190,0.190,0.364
6221,810.893,302.086,506.284,-0.78540,-0.197,0.197,-0.187,0.187,0.604
8014,-692.850,170.133,-335.687,-0.36521,-0.244,0.215,-0.540,0.276,1.679
8014,-695.740,170.133,-335.708,-0.36521,-0.244,0.215,-0.540,0.276,1.679
6132,851.161,294.788,415.879,0.67152,-2.608,2.608,-0.000,1.166,6.399
6132,810.495,299.086,426.884,-0.43007,-2.608,2.608,-0.000,1.166,6.399
6132,810.495,299.086,426.884,2.71152,-2.608,2.608,-0.000,1.166,6.399
9302,789.587,294.332,358.557,-1.57080,-1.332,1.090,-0.499,0.511,1.017
9302,783.971,294.332,363.159,-1.57080,-1.332,1.090,-0.499,0.511,1.017
9302,789.936,294.332,362.960,-1.57080,-1.332,1.090,-0.499,0.511,1.017
8083,754.000,294.207,369.000,-0.00001,-0.287,0.287,-0.389,0.389,0.703
8083,755.730,294.207,368.979,-0.00001,-0.287,0.287,-0.389,0.389,0.703
8083,752.080,294.207,368.993,-0.00001,-0.287,0.287,-0.389,0.389,0.703
8083,750.262,294.207,369.006,-0.00001,-0.287,0.287,-0.389,0.389,0.703
8078,785.697,294.332,357.719,-1.57080,-0.350,0.350,-0.509,0.509,0.858
11304,660.932,287.868,437.111,0.00000,-1.283,1.283,-1.283,1.283,1.065
11304,851.688,294.399,396.769,-1.78110,-1.283,1.283,-1.283,1.283,1.065
6222,882.387,302.004,446.710,0.00000,-0.217,0.217,-0.206,0.206,0.720
6222,882.907,302.004,445.970,0.00000,-0.217,0.217,-0.206,0.206,0.720
6221,882.953,302.004,437.371,0.00000,-0.197,0.197,-0.187,0.187,0.604
6221,883.060,302.004,436.392,0.00000,-0.197,0.197,-0.187,0.187,0.604
6215,883.115,302.004,438.714,0.00000,-0.200,0.200,-0.190,0.190,0.364
6214,878.114,302.004,453.629,2.35620,-0.433,0.433,-0.422,0.422,1.013
6222,871.559,302.004,431.415,0.00000,-0.217,0.217,-0.206,0.206,0.720
6132,830.461,294.788,418.910,-0.37568,-2.608,2.608,-0.000,1.166,6.399
7703,801.932,293.144,353.025,-0.89529,-2.150,2.143,-0.773,0.841,1.261
11285,804.639,293.973,378.327,-1.18348,-1.558,1.537,-1.339,1.191,0.852
11285,499.001,238.340,220.069,0.00000,-1.558,1.537,-1.339,1.191,0.852
11285,499.425,237.776,203.568,0.10118,-1.558,1.537,-1.339,1.191,0.852
11304,792.287,290.354,181.540,0.00000,-1.283,1.283,-1.283,1.283,1.065
6222,530.299,292.860,346.027,0.00000,-0.217,0.217,-0.206,0.206,0.720
6221,531.840,292.859,339.750,0.00000,-0.197,0.197,-0.187,0.187,0.604
6221,533.047,292.853,338.676,0.00000,-0.197,0.197,-0.187,0.187,0.604
6222,534.346,292.866,339.758,0.00000,-0.217,0.217,-0.206,0.206,0.720
6222,528.343,292.830,345.937,0.00000,-0.217,0.217,-0.206,0.206,0.720
6217,532.319,292.830,337.659,0.00000,-0.300,0.300,-0.331,0.329,0.301
6217,520.121,291.170,343.492,0.00000,-0.300,0.300,-0.331,0.329,0.301
6221,521.264,291.170,343.116,0.00000,-0.197,0.197,-0.187,0.187,0.604
7703,796.402,289.861,188.029,-1.35072,-2.150,2.143,-0.773,0.841,1.261
11304,769.485,289.988,185.361,0.00000,-1.283,1.283,-1.283,1.283,1.065
3716,821.794,274.332,142.935,-1.94868,-1.087,1.077,-0.780,1.116,0.923
11304,746.478,293.587,283.966,0.00000,-1.283,1.283,-1.283,1.283,1.065
11296,405.088,235.120,116.621,-0.82690,-0.925,0.742,-0.956,1.106,0.833
11297,407.151,234.695,115.260,-0.06200,-0.622,1.045,-0.842,1.023,0.833
11295,406.877,234.358,111.807,-0.26922,-0.845,0.821,-1.124,1.121,0.833
11284,506.601,238.333,205.956,-1.57080,-1.333,1.440,-0.755,0.899,1.209
3642,324.908,227.490,438.696,2.87458,-0.862,0.962,-0.544,0.927,0.481
6214,752.384,295.704,561.892,0.00000,-0.433,0.433,-0.422,0.422,1.013
6214,749.197,295.704,556.908,-1.57080,-0.433,0.433,-0.422,0.422,1.013
6217,749.033,295.704,558.050,0.00000,-0.300,0.300,-0.331,0.329,0.301
6219,787.181,291.493,553.432,2.77380,-0.862,0.457,-0.306,0.962,1.051
6215,789.483,291.491,562.682,0.00000,-0.200,0.200,-0.190,0.190,0.364
6221,787.501,291.569,562.891,0.00000,-0.197,0.197,-0.187,0.187,0.604
6221,793.425,291.569,558.474,0.00000,-0.197,0.197,-0.187,0.187,0.604
6221,793.614,291.569,557.447,0.00000,-0.197,0.197,-0.187,0.187,0.604
6215,793.340,291.492,559.685,0.00000,-0.200,0.200,-0.190,0.190,0.364
6217,787.187,292.699,557.093,0.00000,-0.300,0.300,-0.331,0.329,0.301
4271,787.161,292.788,558.896,0.17509,-0.535,0.752,-0.637,0.663,1.102
4271,787.110,292.723,558.828,-1.11293,-0.535,0.752,-0.637,0.663,1.103
4271,787.271,292.723,558.678,0.34862,-0.535,0.752,-0.637,0.663,1.103
4271,787.348,292.738,558.872,-0.09468,-0.535,0.753,-0.637,0.663,1.102
4272,787.261,292.842,558.968,0.08453,-0.615,0.704,-0.653,0.647,0.703
6214,794.287,287.022,591.920,0.95561,-0.433,0.433,-0.422,0.422,1.013
6214,794.333,287.017,589.731,1.74101,-0.433,0.433,-0.422,0.422,1.013
6214,793.277,287.161,587.561,2.52640,-0.433,0.433,-0.422,0.422,1.013
20321,750.333,293.966,396.898,-1.57080,-1.307,1.307,-0.487,0.487,1.007
20320,754.678,293.966,399.354,1.57080,-1.307,1.307,-0.487,0.487,1.007
8072,764.693,293.966,404.526,-3.14159,-0.395,0.395,-0.665,0.665,1.863
7136,750.986,293.966,407.040,-1.57080,-0.553,0.553,-0.287,0.292,1.090
8068,763.175,293.966,410.171,0.00000,-0.194,0.194,-0.226,0.226,0.887
8071,754.656,293.966,405.627,-0.78540,-0.313,0.313,-0.833,0.833,1.163
11318,758.777,293.966,406.023,0.00000,-1.527,2.575,-0.958,0.348,0.340
9326,762.334,293.966,408.871,0.00000,-0.222,0.221,-0.211,0.210,0.768
9326,762.786,293.966,408.947,0.00000,-0.222,0.221,-0.211,0.210,0.768
9325,764.017,293.966,410.497,-0.78540,-0.410,0.410,-0.237,0.209,0.425
8069,754.994,294.139,360.239,0.33983,-1.046,1.046,-0.708,0.708,1.253
8020,750.373,293.966,404.868,-1.57080,-0.646,0.645,-0.341,0.345,1.791
11285,767.008,293.813,410.365,0.00000,-1.558,1.537,-1.339,1.191,0.852
7486,871.717,277.664,701.893,-2.49144,-0.297,0.418,-0.354,0.369,0.613
7487,871.783,278.271,699.061,-0.39382,-0.615,0.704,-0.653,0.647,0.704
7487,871.606,277.526,702.992,-1.40586,-0.615,0.704,-0.653,0.647,0.704
7487,837.804,280.722,667.426,2.72995,-0.615,0.704,-0.653,0.647,0.704
7486,838.784,280.474,666.074,-0.73866,-0.297,0.418,-0.354,0.369,0.613
7487,839.259,280.389,664.790,-0.73576,-0.615,0.704,-0.653,0.647,0.704
10985,831.039,269.746,660.814,0.00000,-1.000,1.000,-1.000,1.000,1.000
7082,877.375,294.221,405.681,-1.57080,-0.414,0.411,-0.378,0.385,0.521
11285,768.000,293.898,411.682,-0.70845,-1.558,1.537,-1.339,1.192,0.852
11318,765.431,295.486,412.162,-0.38044,-1.527,2.576,-0.957,0.348,0.340
8063,153.490,163.075,-92.141,0.00000,-0.193,0.193,-0.151,0.213,0.357
9323,153.120,163.075,-96.505,0.00000,-0.606,0.610,-0.525,0.522,0.957
20324,-92.016,223.328,-465.185,0.00000,-1.782,1.924,-0.259,0.109,1.015
20325,-96.474,220.776,-482.854,-3.08343,-0.930,0.984,-0.267,0.252,0.624
20325,-94.224,221.563,-465.307,0.11685,-0.930,0.984,-0.267,0.252,0.624
8072,-100.561,220.776,-470.237,-0.07883,-0.395,0.395,-0.665,0.665,1.863
8068,-86.978,220.634,-467.529,0.00000,-0.194,0.194,-0.226,0.226,0.887
8068,-96.852,220.634,-467.413,0.00000,-0.194,0.194,-0.226,0.226,0.887
20362,783.835,294.332,372.202,1.57080,-0.708,0.721,-0.520,0.565,1.180
20362,783.597,295.830,359.732,1.57080,-0.708,0.721,-0.520,0.565,1.180
20362,784.159,294.332,370.662,1.32911,-0.708,0.721,-0.520,0.565,1.181
20363,762.367,293.966,409.793,0.00000,-0.708,0.720,-0.520,0.565,1.181
20361,763.127,293.966,404.178,0.00000,-0.708,0.720,-0.520,0.565,1.181
20361,761.601,293.966,404.529,0.35719,-0.708,0.720,-0.520,0.565,1.181
20361,754.474,293.266,295.033,-1.21360,-0.708,0.720,-0.520,0.565,1.180
20361,753.002,293.220,294.879,0.00000,-0.708,0.720,-0.520,0.565,1.181
20361,749.373,293.712,284.970,-1.67646,-0.708,0.721,-0.520,0.565,1.180
20363,753.253,293.966,393.676,0.18953,-0.708,0.720,-0.520,0.565,1.181
20361,754.716,293.966,393.363,0.00953,-0.708,0.720,-0.520,0.565,1.180
20363,497.805,238.272,218.173,0.45824,-0.708,0.721,-0.520,0.565,1.181
20361,492.977,238.339,217.145,-1.25174,-0.708,0.720,-0.520,0.565,1.181
20363,199.319,167.000,-90.873,-1.57080,-0.708,0.721,-0.520,0.565,1.181
20361,192.260,163.004,-90.539,0.00000,-0.708,0.721,-0.520,0.565,1.181
20361,190.625,163.004,-90.486,0.00000,-0.708,0.721,-0.520,0.565,1.181
20363,179.254,163.004,-74.666,-1.57080,-0.708,0.721,-0.520,0.565,1.181
20362,159.001,163.075,-96.960,0.00000,-0.708,0.720,-0.520,0.565,1.181
20362,150.905,163.004,-98.025,-1.57080,-0.708,0.721,-0.520,0.565,1.181
20363,150.751,163.004,-96.374,-1.57080,-0.708,0.721,-0.520,0.565,1.181
20363,150.558,163.004,-94.795,-1.57080,-0.708,0.721,-0.520,0.565,1.181
20363,150.726,164.114,-96.366,-2.35619,-0.708,0.721,-0.520,0.565,1.181
20361,238.248,163.999,-88.244,0.00000,-0.708,0.720,-0.520,0.565,1.181
20363,237.827,163.999,-99.938,0.00000,-0.708,0.720,-0.520,0.565,1.181
20364,-89.641,221.563,-465.245,0.00000,-1.053,1.274,-0.393,0.126,0.784
20366,-84.228,223.157,-467.847,0.75764,-1.287,1.143,-0.422,0.116,0.688
20325,-99.504,223.172,-467.820,-0.72906,-0.930,0.984,-0.267,0.252,0.624
20361,-92.802,220.634,-467.966,-3.14159,-0.708,0.721,-0.520,0.565,1.181
20361,-94.600,220.634,-467.957,3.10403,-0.708,0.721,-0.520,0.565,1.181
20361,-93.701,220.634,-467.962,3.10403,-0.708,0.721,-0.520,0.565,1.181
20362,-117.433,220.750,-469.140,1.57080,-0.708,0.721,-0.520,0.565,1.181
20362,-128.099,220.750,-483.890,-3.14159,-0.708,0.721,-0.520,0.565,1.181
20362,-114.588,220.269,-486.945,-1.57080,-0.708,0.721,-0.520,0.565,1.181
9322,871.546,294.221,399.020,-3.14159,-0.609,0.609,-0.523,0.523,0.843
3642,-626.208,186.413,-476.355,2.17863,-0.862,0.962,-0.544,0.927,0.481
20361,-732.683,169.963,-282.207,-2.35619,-0.708,0.721,-0.520,0.565,1.181
20361,-731.783,169.963,-283.121,-2.35619,-0.708,0.720,-0.520,0.565,1.181
20361,-732.558,169.963,-279.152,2.10774,-0.708,0.720,-0.520,0.565,1.181
20363,-734.270,169.963,-265.667,-0.78540,-0.708,0.721,-0.520,0.565,1.181
20363,-733.030,169.963,-264.525,-0.78540,-0.708,0.721,-0.520,0.565,1.181
20363,-733.316,169.963,-267.992,-2.35619,-0.708,0.720,-0.520,0.565,1.181
20362,-701.419,170.133,-338.855,-2.37232,-0.708,0.721,-0.520,0.565,1.181
20362,-702.162,170.310,-339.691,-0.87087,-0.708,0.721,-0.520,0.565,1.181
20361,371.031,233.536,271.638,-1.71097,-0.708,0.720,-0.520,0.565,1.181
20361,371.109,233.536,274.227,-1.61635,-0.708,0.720,-0.520,0.565,1.181
20363,370.959,233.536,270.929,0.00000,-0.708,0.720,-0.520,0.565,1.181
20374,912.261,306.452,352.845,0.00000,-0.774,0.782,-0.763,0.773,1.292
20372,755.244,293.966,409.855,-0.78540,-0.382,0.382,-0.382,0.382,1.292
20372,755.981,293.966,410.131,-0.78540,-0.382,0.382,-0.382,0.382,1.292
20374,757.684,293.966,409.685,0.00000,-0.774,0.782,-0.763,0.773,1.292
20372,748.068,294.139,368.255,-1.57080,-0.382,0.382,-0.382,0.382,1.292
20372,747.979,294.142,369.097,-1.57080,-0.382,0.382,-0.382,0.382,1.292
20372,752.671,294.139,361.018,-1.69083,-0.382,0.382,-0.382,0.382,1.292
20372,753.010,294.139,359.862,-1.69083,-0.382,0.382,-0.382,0.382,1.292
10985,-958.681,157.389,-610.971,-2.35619,-0.833,0.833,-0.834,0.833,0.833
10985,-963.631,157.389,-603.193,-2.35619,-0.833,0.833,-0.833,0.833,0.833
10985,-956.560,157.389,-607.435,-2.35619,-0.833,0.833,-0.834,0.833,0.833
10985,-900.908,157.381,-665.311,-2.35619,-1.000,1.000,-1.000,1.000,1.000
8081,-635.629,292.001,904.148,-1.18864,-0.969,0.969,-0.969,0.969,0.930
6187,-636.217,292.001,904.178,-1.02559,-0.254,0.260,0.170,1.248,1.021
6187,-635.558,292.001,903.522,3.05775,-0.254,0.260,0.170,1.248,1.021
9321,-647.880,291.999,900.619,0.38216,-0.611,0.611,-0.485,0.485,0.846
9321,-646.389,291.999,904.331,-2.75944,-0.611,0.610,-0.485,0.485,0.846
9321,-644.158,291.999,899.294,0.38216,-0.611,0.611,-0.485,0.485,0.846
9321,-642.688,291.999,902.674,-2.75944,-0.611,0.611,-0.485,0.485,0.846
9321,-640.447,291.999,897.802,0.38216,-0.610,0.611,-0.485,0.485,0.846
9321,-638.977,291.999,901.183,-2.75944,-0.611,0.610,-0.485,0.485,0.846
9321,-635.265,291.999,899.691,-2.75943,-0.611,0.611,-0.485,0.485,0.846
9321,-636.735,291.999,896.310,0.38216,-0.610,0.611,-0.485,0.485,0.846
9323,-651.421,291.999,899.718,-1.18864,-0.606,0.610,-0.526,0.521,0.957
8021,-641.519,291.999,906.890,0.81907,-0.161,0.161,-0.110,0.107,0.603
8021,-644.116,291.999,907.900,0.16424,-0.161,0.161,-0.110,0.106,0.603
8012,-642.846,292.857,906.839,0.38216,-0.334,0.339,-0.192,0.208,0.263
8078,-642.818,291.999,906.882,-1.18864,-0.350,0.350,-0.509,0.509,0.858
6188,-653.765,291.999,900.698,-2.75944,-1.658,1.657,-0.746,0.668,0.959
9316,-654.582,292.958,901.270,-1.18864,-0.356,0.356,-0.385,0.385,0.325
9302,-649.046,283.646,876.131,-2.75944,-1.332,1.090,-0.499,0.511,1.017
9302,-647.927,283.646,878.914,-2.75944,-1.332,1.090,-0.499,0.511,1.017
9302,-646.808,283.646,881.698,-2.75944,-1.332,1.090,-0.499,0.511,1.017
9302,-645.689,283.646,884.481,-2.75944,-1.332,1.090,-0.500,0.511,1.017
9302,-660.735,283.646,881.906,0.38216,-1.332,1.090,-0.500,0.511,1.017
9302,-659.616,283.646,884.690,0.38216,-1.332,1.090,-0.500,0.511,1.017
9302,-658.497,283.646,887.473,0.38216,-1.332,1.090,-0.500,0.511,1.017
8014,-659.437,283.646,889.159,-1.55385,-0.244,0.215,-0.540,0.276,1.679
8020,-660.519,283.646,874.830,1.16755,-0.646,0.645,-0.341,0.345,1.791
8014,-648.238,283.646,874.574,1.58774,-0.244,0.215,-0.540,0.276,1.679
8014,-647.040,283.646,877.396,1.58774,-0.244,0.215,-0.540,0.276,1.679
8014,-646.094,283.646,880.301,1.58774,-0.244,0.215,-0.540,0.276,1.679
8014,-644.732,283.646,882.924,1.58774,-0.244,0.215,-0.540,0.276,1.679
9323,-647.492,283.646,888.621,-1.18864,-0.606,0.610,-0.526,0.521,0.957
9323,-648.763,283.646,889.254,-1.18864,-0.607,0.610,-0.525,0.521,0.957
8009,-656.362,283.646,891.285,1.95295,-1.512,0.493,-0.392,0.385,1.895
8077,-650.739,283.646,872.099,2.89858,-0.610,0.610,-0.408,0.396,1.166
9323,-652.512,283.646,871.939,2.73835,-0.606,0.610,-0.525,0.521,0.957
9327,-645.295,283.646,887.858,-2.75944,-1.566,1.585,-0.441,0.443,0.208
8063,-650.038,283.646,872.219,-1.18864,-0.193,0.193,-0.151,0.213,0.357
6187,-661.223,283.646,881.185,-2.75944,-0.254,0.260,0.170,1.248,1.021
6187,-657.896,283.646,888.305,1.16755,-0.254,0.260,0.170,1.248,1.021
6187,-659.709,283.646,885.540,1.16755,-0.254,0.260,0.170,1.248,1.021
6187,-647.058,283.646,883.804,-1.18864,-0.254,0.260,0.170,1.248,1.021
6187,-647.566,283.646,877.759,-1.61924,-0.254,0.260,0.170,1.248,1.021
8014,-660.406,283.646,886.247,-1.55385,-0.244,0.214,-0.540,0.276,1.679
8014,-661.464,283.646,883.558,-1.55385,-0.244,0.215,-0.540,0.276,1.679
20362,-659.898,283.646,873.641,2.72222,-0.708,0.720,-0.520,0.566,1.180
20362,-660.527,283.823,875.237,-1.78013,-0.708,0.720,-0.520,0.565,1.180
6187,-635.746,292.001,904.951,0.38216,-0.254,0.260,0.170,1.248,1.021
20320,-573.649,277.738,877.386,-2.63026,-1.307,1.307,-0.487,0.487,1.007
20363,-581.103,277.850,872.870,-1.57080,-0.708,0.720,-0.520,0.565,1.180
20375,-570.854,277.738,877.449,-2.66382,-0.774,0.782,-0.763,0.773,1.292
20361,-575.377,277.738,878.050,0.00000,-0.708,0.721,-0.520,0.565,1.180
20360,-577.842,277.738,875.881,-1.10155,-1.307,1.307,-0.487,0.487,1.007
20361,-572.079,277.738,878.949,-2.35619,-0.708,0.720,-0.520,0.565,1.181
8071,-672.057,285.137,887.087,-1.57080,-0.313,0.313,-0.833,0.833,1.163
20362,-676.994,285.137,888.833,-1.57080,-0.708,0.720,-0.520,0.565,1.181
20362,-675.746,285.137,890.042,-2.35619,-0.708,0.720,-0.520,0.565,1.180
10985,-550.000,230.695,-874.000,-3.14159,-0.834,0.833,-0.833,0.833,0.833
10985,-559.000,230.695,-872.000,-3.14159,-0.833,0.833,-0.833,0.833,0.833
10985,-551.000,230.695,-870.000,-3.14159,-0.833,0.833,-0.833,0.833,0.833
10985,-470.316,230.687,-871.887,-3.14159,-1.000,1.000,-1.000,1.000,1.000
10985,-864.659,171.395,-590.530,0.00000,-1.000,1.000,-1.000,1.000,1.000
10985,-866.974,170.710,-585.119,0.00000,-1.000,1.000,-1.000,1.000,1.000
7487,-893.809,184.192,-624.070,0.90079,-0.615,0.704,-0.653,0.647,0.703
7486,-893.344,184.571,-623.191,0.42553,-0.297,0.418,-0.354,0.369,0.613
7487,-894.792,184.244,-625.335,0.87473,-0.615,0.704,-0.653,0.647,0.703
7487,-900.362,183.473,-626.386,1.34816,-0.615,0.704,-0.653,0.647,0.704
7487,-899.511,183.680,-627.284,0.34584,-0.615,0.704,-0.653,0.647,0.704
7486,-898.688,182.838,-626.369,-0.48264,-0.297,0.419,-0.354,0.369,0.613
20374,-47.000,220.269,-466.000,-0.67005,-0.774,0.782,-0.763,0.773,1.292
20373,-132.242,220.269,-461.288,-2.20987,-0.781,0.778,-0.777,0.757,1.292
4435,-562.563,218.618,-615.100,0.09987,-0.615,0.704,-0.653,0.647,0.704
4434,-562.724,217.685,-606.642,-2.91629,-0.535,0.752,-0.637,0.663,1.102
4435,-564.521,217.309,-608.314,-1.37424,-0.615,0.704,-0.653,0.647,0.703
4435,-562.512,217.569,-607.571,-0.15810,-0.615,0.704,-0.653,0.647,0.704
4434,-564.210,217.475,-607.152,-0.51213,-0.535,0.753,-0.637,0.663,1.102
4434,-594.890,212.647,-610.902,2.90155,-0.535,0.752,-0.637,0.663,1.103
4434,-595.423,212.611,-610.345,-0.60922,-0.535,0.753,-0.637,0.664,1.103
4435,-606.385,211.694,-607.510,-0.19431,-0.615,0.704,-0.653,0.647,0.703
4435,-606.122,211.388,-606.675,-0.09198,-0.615,0.704,-0.653,0.647,0.704
4435,-696.526,186.536,-606.282,-0.50013,-0.615,0.704,-0.653,0.647,0.704
4435,-697.117,187.408,-606.835,-0.99225,-0.615,0.704,-0.653,0.647,0.704
4435,-696.562,187.151,-596.212,-2.67079,-0.615,0.704,-0.653,0.647,0.703
4435,-697.188,186.700,-596.962,1.38234,-0.615,0.704,-0.653,0.647,0.703
4435,-697.789,187.151,-595.818,1.23282,-0.615,0.704,-0.653,0.647,0.703
4435,-666.776,198.897,-598.818,-2.95528,-0.615,0.704,-0.653,0.647,0.703
4435,-667.088,197.949,-600.964,0.79718,-0.615,0.704,-0.653,0.647,0.704
4435,-667.768,198.818,-600.240,0.65154,-0.615,0.704,-0.653,0.647,0.704
4435,-663.610,194.399,-616.343,-0.55705,-0.615,0.704,-0.653,0.647,0.703
4435,-663.365,194.537,-617.431,1.15478,-0.615,0.704,-0.653,0.647,0.703
4435,-664.179,194.258,-618.824,2.67811,-0.615,0.704,-0.653,0.647,0.704
9320,874.715,294.221,399.011,-3.14159,-1.223,1.225,-0.534,0.534,0.498
9320,875.476,294.221,405.068,-1.57080,-1.223,1.225,-0.534,0.534,0.498
9320,873.178,294.221,405.086,-1.57080,-1.223,1.225,-0.534,0.534,0.498
9320,869.707,294.221,405.086,-1.57080,-1.223,1.225,-0.534,0.534,0.498
9320,869.005,294.221,398.996,-3.14159,-1.223,1.225,-0.534,0.534,0.498
9320,867.478,294.221,405.021,-1.57080,-1.223,1.225,-0.534,0.534,0.498
9320,864.803,294.221,404.991,-1.57080,-1.223,1.225,-0.534,0.534,0.498
9320,862.505,294.221,405.009,-1.57080,-1.223,1.225,-0.534,0.534,0.498
9320,863.791,294.221,398.964,-3.14159,-1.223,1.225,-0.534,0.534,0.498
9322,866.264,294.221,399.037,-3.14159,-0.609,0.609,-0.523,0.523,0.843
9320,759.444,294.210,385.166,1.52007,-1.223,1.225,-0.534,0.534,0.498
9320,761.747,294.210,385.770,-0.05072,-1.223,1.225,-0.534,0.534,0.498
3642,312.609,227.646,380.941,-1.47062,-0.862,0.962,-0.544,0.927,0.481
3780,337.159,227.802,456.707,2.86969,-1.800,1.814,-1.822,1.680,1.811
7486,-969.508,157.389,-599.120,-0.23100,-0.297,0.418,-0.354,0.369,0.613
7487,-963.898,157.520,-595.460,0.23141,-0.615,0.704,-0.653,0.647,0.704
7487,-969.169,158.463,-597.499,0.21853,-0.615,0.704,-0.653,0.647,0.703
7486,-946.770,171.937,-665.019,-1.95298,-0.297,0.418,-0.354,0.369,0.613
7487,-945.968,172.195,-665.117,0.40945,-0.615,0.704,-0.653,0.647,0.704
7487,-944.958,171.654,-664.685,0.51341,-0.615,0.704,-0.653,0.647,0.704
7487,-967.966,179.135,-674.778,-2.12479,-0.615,0.704,-0.653,0.647,0.704
7487,-965.345,179.517,-675.751,-2.13766,-0.615,0.704,-0.653,0.647,0.704
7486,-969.232,179.640,-673.423,-0.76162,-0.297,0.418,-0.354,0.369,0.613
7487,-972.928,187.811,-643.448,0.21853,-0.615,0.704,-0.653,0.647,0.703
7487,-971.507,187.978,-642.370,0.23141,-0.615,0.704,-0.653,0.647,0.703
7486,-969.561,188.415,-640.945,1.59456,-0.297,0.418,-0.354,0.369,0.613
21569,836.706,286.846,623.372,0.00000,-0.720,0.914,-0.296,0.631,0.002
21569,352.792,204.824,586.162,0.48183,-0.720,0.914,-0.296,0.631,0.002
4434,363.406,219.304,492.223,-0.28861,-0.535,0.753,-0.637,0.663,1.103
4434,361.228,218.887,492.156,-1.57080,-0.535,0.753,-0.637,0.664,1.102
4435,362.359,219.265,492.547,-3.03910,-0.615,0.704,-0.653,0.647,0.703
4435,362.877,219.262,493.612,-1.99286,-0.615,0.704,-0.653,0.647,0.704
4434,361.444,218.884,493.101,0.09202,-0.535,0.753,-0.637,0.663,1.102
4435,360.845,218.867,492.992,-0.78933,-0.615,0.704,-0.653,0.647,0.703
4435,359.919,219.234,492.334,-1.82053,-0.615,0.704,-0.653,0.647,0.703
4435,358.549,219.867,491.658,-1.51066,-0.615,0.704,-0.653,0.647,0.703
4434,367.684,212.909,516.253,-3.09073,-0.535,0.753,-0.637,0.664,1.102
4434,368.320,212.672,517.090,2.85298,-0.535,0.753,-0.637,0.664,1.102
4435,369.227,212.726,516.207,1.14874,-0.615,0.704,-0.653,0.647,0.703
4435,370.108,212.680,516.618,0.10249,-0.615,0.704,-0.653,0.647,0.703
4435,367.636,212.889,515.150,0.36334,-0.615,0.704,-0.653,0.647,0.703
4435,368.854,212.782,515.340,-2.78559,-0.615,0.704,-0.653,0.647,0.703
4435,368.429,212.607,514.393,2.48587,-0.615,0.704,-0.653,0.647,0.704
4434,-587.821,192.486,-445.851,-1.54452,-0.535,0.753,-0.637,0.663,1.102
4434,-586.689,191.865,-447.040,-1.41861,-0.535,0.753,-0.637,0.663,1.102
4435,-587.581,190.894,-447.849,-1.30867,-0.615,0.704,-0.653,0.647,0.703
4435,-588.556,192.057,-446.642,2.76717,-0.615,0.704,-0.653,0.647,0.704
4434,-470.040,199.285,-390.798,-0.69005,-0.535,0.753,-0.637,0.663,1.102
4435,-469.151,199.870,-390.593,0.57234,-0.615,0.704,-0.653,0.647,0.704
4435,-470.272,199.821,-392.102,0.07576,-0.615,0.704,-0.653,0.647,0.703
4435,-469.990,199.822,-389.584,-0.59877,-0.615,0.704,-0.653,0.647,0.703
21569,-595.677,202.082,-445.643,-0.78540,-0.720,0.914,-0.296,0.631,0.002
21569,-590.068,201.258,-439.639,-1.57080,-0.720,0.914,-0.296,0.631,0.002
7487,-894.691,187.838,-615.778,0.39613,-0.615,0.704,-0.653,0.647,0.703
7487,-893.803,187.954,-616.575,2.77027,-0.615,0.704,-0.653,0.647,0.703
7487,847.789,255.899,675.777,0.27168,-0.615,0.704,-0.653,0.647,0.704
7486,846.886,256.000,675.512,1.00473,-0.297,0.418,-0.354,0.369,0.613
11285,-218.739,169.465,-227.007,0.09815,-1.558,1.537,-1.339,1.192,0.852
20782,119.853,232.762,535.525,-0.99327,-0.740,0.740,-0.704,0.704,1.356
20782,120.243,233.452,523.129,-0.99327,-0.740,0.740,-0.704,0.704,1.356
20782,118.886,235.187,505.758,-0.26799,-0.740,0.740,-0.704,0.704,1.356
20782,166.051,241.386,457.440,0.00000,-0.740,0.740,-0.704,0.704,1.356
20782,120.906,235.178,468.991,0.00000,-0.740,0.740,-0.704,0.704,1.356
20782,134.356,232.432,537.291,0.41937,-0.740,0.740,-0.704,0.704,1.356
20782,122.015,233.225,579.442,-0.99327,-0.740,0.740,-0.704,0.704,1.356
20782,111.811,232.728,573.395,-0.99327,-0.740,0.740,-0.704,0.704,1.356
11284,190.439,163.217,-21.621,0.00000,-1.333,1.440,-0.755,0.899,1.209
7703,187.339,163.428,-21.875,0.00000,-2.150,2.143,-0.773,0.841,1.261
7705,177.764,165.976,-5.628,-0.44022,-1.333,1.301,-0.755,0.841,1.244
11284,201.210,163.502,-21.308,2.90760,-1.333,1.441,-0.755,0.899,1.209
7703,204.427,163.761,-21.108,3.13943,-2.150,2.143,-0.773,0.841,1.261
7705,179.760,165.657,-5.261,-3.04958,-1.333,1.301,-0.755,0.841,1.244
7703,210.426,167.487,12.683,-2.35619,-2.150,2.143,-0.773,0.841,1.261
7751,167.558,165.903,19.746,0.00000,-2.350,2.657,-2.015,1.295,1.958
7703,180.031,163.408,-25.064,-0.68905,-2.150,2.143,-0.773,0.841,1.261
11284,205.689,162.930,-64.943,-0.69738,-1.333,1.440,-0.755,0.899,1.209
11284,190.451,162.930,-63.854,-2.63884,-1.333,1.441,-0.755,0.899,1.209
7478,360.866,218.193,95.263,0.00000,-2.226,2.226,-2.499,2.448,0.507
7478,185.026,238.095,399.923,0.00000,-2.226,2.226,-2.499,2.448,0.507
7478,99.713,232.322,551.562,0.00000,-2.226,2.226,-2.499,2.448,0.507
7478,212.718,227.350,286.190,0.00000,-2.226,2.226,-2.499,2.448,0.507
7705,354.960,227.694,345.370,-2.35619,-1.333,1.301,-0.755,0.841,1.244
7705,361.219,227.740,340.484,-2.71661,-1.333,1.301,-0.755,0.841,1.244
7705,215.083,170.846,-70.837,0.00000,-1.333,1.301,-0.755,0.841,1.244
7705,207.832,170.853,-70.864,0.00000,-1.333,1.301,-0.755,0.841,1.244
7703,187.576,170.741,-70.852,0.00000,-2.150,2.143,-0.773,0.841,1.261
7703,176.316,170.789,-70.900,0.00000,-2.150,2.143,-0.773,0.841,1.261
20782,214.406,226.887,276.335,-3.14159,-0.740,0.740,-0.704,0.704,1.356
20782,203.624,227.005,285.062,1.57080,-0.740,0.740,-0.704,0.704,1.356
20782,211.000,227.005,294.062,0.00000,-0.740,0.740,-0.704,0.704,1.356
20782,252.428,231.992,364.972,-0.19010,-0.740,0.740,-0.704,0.704,1.356
20782,247.436,231.992,360.155,-0.19010,-0.740,0.740,-0.704,0.704,1.356
20782,241.911,231.213,353.058,-1.76090,-0.740,0.740,-0.704,0.704,1.356
20782,246.728,231.213,348.066,-1.76090,-0.740,0.740,-0.704,0.704,1.356
7705,-626.557,191.733,573.829,-2.35619,-1.333,1.301,-0.755,0.841,1.244
11284,-616.502,192.054,580.282,0.78556,-1.333,1.441,-0.755,0.899,1.209
7705,-638.046,190.971,561.237,-2.65642,-1.333,1.301,-0.755,0.841,1.244
11285,-638.390,190.962,546.935,0.00000,-1.558,1.537,-1.339,1.191,0.852
7703,192.987,162.934,-65.550,0.59426,-2.150,2.143,-0.773,0.841,1.261
7703,203.171,163.000,-66.875,-0.60587,-2.150,2.143,-0.773,0.841,1.261
11284,215.475,162.930,-68.862,0.76501,-1.333,1.440,-0.755,0.899,1.209
11284,177.712,163.137,-26.963,2.33811,-1.333,1.441,-0.755,0.899,1.209
11284,219.761,162.766,-62.193,0.29086,-1.333,1.440,-0.755,0.899,1.209
11284,-213.794,169.118,-230.290,0.38520,-1.333,1.441,-0.755,0.899,1.209
11318,-212.432,169.265,-228.722,0.27246,-1.527,2.576,-0.957,0.348,0.340
7478,-321.786,178.744,-495.982,0.00000,-2.226,2.226,-2.499,2.448,0.507
7478,-367.469,178.743,-481.126,0.00000,-2.226,2.226,-2.499,2.448,0.507
20782,-319.815,172.564,-474.469,0.00000,-0.740,0.740,-0.704,0.704,1.356
20782,-350.184,172.563,-469.184,-2.55863,-0.740,0.740,-0.704,0.704,1.356
20701,861.500,294.210,387.000,0.00000,-1.020,1.020,-0.000,2.000,1.663
8009,865.413,294.210,391.607,0.00000,-1.512,0.493,-0.393,0.384,1.895
7703,858.016,294.089,392.881,-3.14159,-2.150,2.143,-0.773,0.841,1.261
7703,858.132,294.076,383.279,-3.14159,-2.150,2.143,-0.773,0.841,1.261
7705,856.247,293.872,391.733,-1.57080,-1.333,1.301,-0.755,0.841,1.244
7705,856.363,293.915,384.210,-1.57080,-1.333,1.301,-0.755,0.841,1.244
7703,198.023,162.872,-45.425,0.00000,-2.150,2.143,-0.773,0.841,1.261
11284,539.417,288.333,512.679,0.00000,-1.333,1.440,-0.755,0.899,1.209
22342,-945.500,287.264,741.371,1.57080,-0.372,0.372,-0.004,0.004,0.344
22393,-945.500,287.266,746.634,1.57080,-0.351,0.351,-0.004,0.004,0.338
8014,-124.544,220.750,-465.271,-0.25631,-0.244,0.215,-0.540,0.276,1.679
7703,342.546,230.741,315.873,-2.26876,-2.150,2.143,-0.773,0.841,1.261
11284,335.211,231.786,301.169,-1.44654,-1.333,1.440,-0.755,0.899,1.209
11284,337.552,230.541,303.802,-0.36782,-1.333,1.440,-0.755,0.899,1.209
11284,341.934,231.864,316.520,0.88525,-1.333,1.441,-0.755,0.899,1.209
11285,329.716,226.635,271.329,0.01971,-1.558,1.537,-1.339,1.191,0.852
11285,327.149,226.366,268.962,-2.39457,-1.558,1.537,-1.339,1.192,0.852
7705,336.723,225.948,270.793,-2.61718,-1.333,1.301,-0.755,0.841,1.244
7705,335.892,225.947,269.127,-2.89731,-1.333,1.301,-0.755,0.841,1.244
11285,385.167,226.661,243.887,0.34020,-1.558,1.537,-1.339,1.191,0.852
7702,390.736,227.328,237.325,0.61084,-0.635,0.635,-0.419,0.419,0.246
7699,384.343,227.060,246.897,-0.37761,-0.394,0.394,-0.290,0.290,0.765
11284,385.771,228.071,249.412,2.70298,-1.333,1.441,-0.755,0.899,1.209
11298,383.503,227.261,246.343,1.39123,-0.436,0.882,-0.339,0.318,0.571
11298,384.552,227.201,242.859,2.61171,-0.436,0.882,-0.339,0.318,0.571
20657,380.402,227.752,231.486,0.58875,-1.003,0.997,-0.950,1.309,1.000
25637,373.190,229.555,237.174,-1.23306,-1.561,1.565,-1.712,1.702,0.662
25636,384.256,227.985,227.546,1.28833,-1.927,1.950,-0.924,1.688,0.315
25636,382.675,228.204,226.626,0.00817,-1.927,1.950,-0.924,1.688,0.315
25636,364.939,229.264,233.614,3.02621,-1.927,1.950,-0.924,1.688,0.315
25636,364.827,230.284,242.684,0.52698,-1.927,1.950,-0.924,1.688,0.315
25636,366.779,230.051,241.163,3.29193,-1.927,1.950,-0.924,1.688,0.315
3829,373.628,229.208,230.171,-0.99535,-0.756,0.756,-2.224,2.224,0.491
7703,441.193,233.223,206.197,-0.32442,-2.150,2.143,-0.773,0.841,1.261
11284,443.853,233.521,207.552,-0.58158,-1.333,1.440,-0.755,0.899,1.209
11284,460.131,233.132,190.438,-3.03642,-1.333,1.441,-0.755,0.899,1.209
24803,342.365,233.038,204.932,0.81785,-2.777,2.880,-1.816,1.882,1.789
11295,372.800,228.828,193.682,-0.54715,-1.012,0.988,-1.124,1.288,1.000
20782,291.040,234.121,273.667,-0.47503,-0.740,0.740,-0.704,0.704,1.356
20782,263.433,239.087,307.736,0.00000,-0.740,0.740,-0.704,0.704,1.356
20782,264.437,239.069,323.350,-2.16920,-0.740,0.740,-0.704,0.704,1.356
20829,292.543,232.560,204.599,2.77712,-1.661,1.651,-1.180,1.180,1.848
20830,283.173,232.160,209.386,1.57079,-1.661,1.651,-2.358,2.358,1.848
3903,282.204,233.950,209.549,-1.69140,-1.051,1.051,-1.500,1.500,1.765
21477,219.082,231.535,345.192,-0.13304,-0.972,1.028,-1.208,1.355,1.000
24762,226.554,229.743,344.004,1.62759,-1.085,0.914,-1.266,1.157,1.000
11284,-92.281,216.576,63.048,2.07586,-1.333,1.441,-0.755,0.899,1.209
11284,-86.852,217.389,64.617,-1.84526,-1.333,1.440,-0.755,0.899,1.209
20382,-83.750,220.776,-470.000,0.57520,-0.415,0.397,-0.505,0.473,1.702
20361,-89.368,220.634,-467.984,-3.14159,-0.708,0.721,-0.520,0.565,1.181
20361,-90.268,220.634,-467.980,3.10403,-0.708,0.721,-0.520,0.565,1.181
20361,-91.166,220.634,-467.975,3.10403,-0.708,0.721,-0.520,0.565,1.181
20380,-92.000,221.550,-474.750,0.41958,-0.813,0.319,-0.590,0.352,1.733
20321,-94.211,220.634,-465.458,0.00000,-1.307,1.307,-0.487,0.487,1.007
20321,-89.743,220.634,-465.472,0.00000,-1.307,1.307,-0.487,0.487,1.007
20361,-92.069,220.634,-465.477,-3.14159,-0.708,0.721,-0.520,0.565,1.181
8075,-87.973,221.653,-467.006,-0.89333,-0.102,0.102,-0.349,0.453,0.942
4002,-132.000,220.269,-523.000,0.00000,-0.268,0.268,-1.340,1.340,0.328
4002,-124.000,220.269,-523.000,0.00000,-0.268,0.268,-1.340,1.340,0.328
20360,-87.500,220.634,-478.500,2.35619,-1.307,1.307,-0.487,0.487,1.007
20320,-96.500,220.634,-478.500,-2.35620,-1.307,1.307,-0.487,0.487,1.007
20371,-92.000,220.000,-474.750,0.00000,-0.382,0.382,-0.382,0.382,1.292
20373,252.000,163.000,-105.000,0.54239,-0.781,0.778,-0.777,0.757,1.292
20374,251.728,163.004,-101.081,0.00000,-0.774,0.782,-0.763,0.773,1.292
20374,250.260,163.004,-101.429,0.00000,-0.774,0.782,-0.763,0.773,1.292
20372,251.254,164.296,-101.221,0.00000,-0.382,0.382,-0.382,0.382,1.292
20372,252.417,163.206,-97.640,-2.21685,-0.382,0.382,-0.382,0.382,1.292
3768,168.000,163.000,-77.000,0.00000,-2.000,2.000,-2.000,2.000,8.000
7705,166.713,170.936,-77.678,-1.55496,-1.333,1.301,-0.755,0.841,1.244
11284,168.765,170.769,-78.081,0.05004,-1.333,1.440,-0.755,0.899,1.209
3768,232.000,163.000,-68.000,0.00000,-2.000,2.000,-2.000,2.000,8.000
20372,224.720,163.004,-72.782,0.00000,-0.382,0.382,-0.382,0.382,1.292
20372,226.184,163.458,-75.353,-0.00014,-0.382,0.382,-0.382,0.382,1.292
22215,33.013,244.376,614.495,0.39270,-0.351,0.351,-0.004,0.004,0.338
22461,33.013,243.475,614.495,0.39270,-0.351,0.351,-0.004,0.004,0.338
22467,33.013,246.170,614.495,0.39270,-0.351,0.351,-0.004,0.004,0.338
22496,33.013,245.279,614.495,0.39270,-0.351,0.351,-0.004,0.004,0.338
22388,33.000,242.553,614.500,0.39270,-0.351,0.351,-0.004,0.004,0.338
21046,790.335,294.332,360.291,1.57080,-0.244,0.215,-0.540,0.276,1.679
26533,872.341,294.210,388.098,1.57080,-1.544,1.544,-0.784,0.772,0.930
8064,871.604,294.210,388.002,-1.57080,-0.497,0.497,-0.472,0.472,0.789
8075,872.120,295.123,388.569,0.00000,-0.102,0.102,-0.349,0.453,0.942
9328,152.845,162.876,-88.239,3.14159,-0.587,0.587,-0.142,0.142,1.115
26534,-125.042,221.058,-479.377,0.00000,-1.687,1.687,-0.750,0.750,0.917
8075,-125.573,221.976,-479.724,-0.78540,-0.102,0.102,-0.349,0.453,0.942
26534,-125.015,221.058,-484.522,3.14159,-1.687,1.687,-0.750,0.750,0.917
1960,-124.996,221.058,-484.567,0.00000,-2.000,2.000,-1.000,1.000,0.861
1960,-125.025,221.058,-479.075,0.00000,-1.791,1.791,-0.604,0.604,0.860
6187,-606.132,281.323,855.266,-0.93547,-0.254,0.260,0.170,1.248,1.021
6188,-605.697,281.322,853.877,0.00000,-1.657,1.658,-0.746,0.668,0.959
8075,-604.959,282.281,854.068,2.35620,-0.102,0.102,-0.349,0.453,0.942
6188,-666.979,178.486,-352.301,-0.78540,-1.657,1.658,-0.746,0.668,0.959
8065,-667.838,178.486,-352.005,-1.37095,-0.260,0.260,-0.367,0.367,0.975
8066,-754.601,175.044,-282.523,0.87767,-0.282,0.282,-0.374,0.374,0.966
8066,-749.586,175.043,-275.784,-1.57080,-0.282,0.282,-0.374,0.374,0.966
8066,-750.274,175.043,-271.560,-1.57080,-0.282,0.282,-0.374,0.374,0.966
8066,-748.881,175.043,-280.444,-1.57080,-0.282,0.282,-0.374,0.374,0.966
3716,348.827,278.724,441.933,-0.57801,-1.087,1.077,-0.781,1.116,0.923
22322,-810.000,226.686,501.986,1.57080,-0.351,0.351,-0.004,0.004,0.338
22276,-810.000,225.777,501.986,1.57080,-0.351,0.351,-0.004,0.004,0.338
22517,-810.000,224.887,501.986,1.57080,-0.351,0.351,-0.004,0.004,0.338
22454,-810.000,222.170,501.986,1.57080,-0.351,0.351,-0.004,0.004,0.338
22381,-810.000,223.984,501.986,1.57080,-0.351,0.351,-0.004,0.004,0.338
22313,-810.000,220.376,501.986,1.57080,-0.351,0.351,-0.004,0.004,0.338
22277,-810.000,221.279,501.986,1.57080,-0.351,0.351,-0.004,0.004,0.338
22273,-810.000,219.475,501.986,1.57080,-0.351,0.351,-0.004,0.004,0.338
8065,497.177,238.239,208.657,0.95810,-0.260,0.260,-0.367,0.367,0.975
8065,497.795,238.239,207.682,0.95810,-0.260,0.260,-0.367,0.367,0.975
20324,-113.126,223.314,-535.949,1.57080,-1.782,1.924,-0.259,0.109,1.015
20360,-118.189,220.569,-530.426,0.00000,-1.307,1.307,-0.487,0.487,1.007
20320,-118.208,220.569,-541.581,-3.14159,-1.307,1.307,-0.487,0.487,1.007
29211,748.102,293.720,383.984,0.00000,-0.000,-0.000,-1.111,1.138,3.014
7703,323.635,227.946,464.389,-1.99674,-2.150,2.143,-0.773,0.841,1.261
11284,318.766,228.061,476.817,2.19115,-1.333,1.441,-0.755,0.899,1.209
11285,331.137,229.135,476.793,-0.03390,-1.558,1.537,-1.339,1.191,0.852
21498,323.442,228.470,476.154,0.61427,-0.218,0.440,-0.578,0.924,0.708
20363,326.660,228.134,461.147,-0.06783,-0.708,0.720,-0.520,0.565,1.181
7703,325.086,228.686,478.369,0.14254,-2.150,2.143,-0.773,0.841,1.261
7703,336.454,227.912,469.111,-0.57855,-2.150,2.143,-0.773,0.841,1.261
11285,334.770,228.637,476.187,0.00000,-1.558,1.537,-1.339,1.191,0.852
11285,332.928,227.936,461.595,0.00000,-1.558,1.537,-1.339,1.191,0.852
20363,323.747,228.160,468.593,-1.73106,-0.708,0.720,-0.520,0.565,1.181
7705,322.863,227.693,466.981,-1.57080,-1.333,1.301,-0.755,0.841,1.244
11285,332.717,229.389,477.121,0.09729,-1.558,1.537,-1.339,1.191,0.852
4435,320.155,197.741,604.796,-1.42906,-0.615,0.704,-0.653,0.647,0.704
4435,321.129,197.540,605.447,-0.79595,-0.615,0.704,-0.653,0.647,0.703
4434,322.806,197.220,605.121,-1.57080,-0.535,0.753,-0.637,0.664,1.102
10426,-49.264,220.128,-558.824,-1.56190,-0.181,0.182,-0.181,0.181,1.290
10426,-86.907,217.022,-593.862,-0.21954,-0.181,0.181,-0.181,0.182,1.290
10426,-86.422,216.966,-582.866,0.46469,-0.181,0.181,-0.181,0.182,1.290
10426,-79.092,219.877,-554.593,0.19641,-0.181,0.181,-0.181,0.181,1.290
10426,-80.567,218.000,-572.443,0.91284,-0.181,0.181,-0.181,0.181,1.290
10426,-74.746,217.694,-580.843,0.36687,-0.181,0.181,-0.181,0.181,1.290
10426,-76.656,218.067,-588.402,0.07667,-0.181,0.181,-0.181,0.182,1.290
7899,-131.935,233.838,-647.521,0.00000,-0.404,0.404,-0.281,0.281,0.216
7900,-138.421,233.269,-649.120,0.12150,-0.770,0.770,-0.537,0.538,0.266
7899,-138.248,233.039,-647.159,1.02705,-0.404,0.403,-0.281,0.281,0.216
7901,-139.387,233.113,-647.403,0.23393,-0.655,0.556,-0.451,0.541,0.218
30406,-118.000,236.575,-613.250,-1.77055,-0.351,0.351,-0.004,0.004,0.338
30406,-152.988,237.325,-637.135,-2.69599,-0.351,0.351,-0.004,0.004,0.338
30406,-162.005,236.394,-602.895,2.29129,-0.351,0.351,-0.004,0.004,0.338
21944,-160.759,223.675,-612.822,-0.18326,-2.045,2.000,-2.045,2.045,9.000
20635,-159.171,231.685,-610.490,-0.18326,-0.045,0.045,-0.045,0.045,1.000
21944,-122.422,223.675,-622.168,2.95833,-2.045,2.000,-2.045,2.045,9.000
20635,-124.010,231.685,-624.500,2.95833,-0.045,0.045,-0.045,0.045,1.000
21944,-146.545,224.468,-634.658,-1.75406,-2.045,2.000,-2.045,2.045,9.000
20635,-148.877,232.478,-633.069,-1.75406,-0.045,0.045,-0.045,0.045,1.000
22215,-846.838,144.264,-716.208,-0.78549,-0.351,0.351,-0.004,0.004,0.338
22517,-848.697,145.864,-718.068,-0.78549,-0.350,0.351,-0.004,0.004,0.338
22388,-850.559,144.266,-719.930,-0.78549,-0.351,0.351,-0.004,0.004,0.338
